/*
*********************************************************************
MySQL demo database created for Medium.com technical articles
You can read all the articles here: https://medium.com/@iffatm
*********************************************************************
*/

USE DEMO;

#customers
DROP TABLE IF EXISTS CUSTOMERS;

CREATE TABLE CUSTOMERS (
  CUSTOMERID INT PRIMARY KEY,
  CUSTOMERNAME VARCHAR(100) NOT NULL,
  CREDITLIMIT decimal(10,2) DEFAULT NULL
);

#inserting data into customer table
INSERT INTO `DEMO`.`CUSTOMERS`(`CUSTOMERID`,`CUSTOMERNAME`,`CREDITLIMIT`)VALUES
(103,'Payne Ltd','21000.0'),
(112,'Lopez-Walker','71800.0'),
(114,'Boone Inc','117300.0'),
(119,'Harris Ltd','118200.0'),
(121,'Banks, Vargas and Lowe','81700.0'),
(124,'Ibarra-King','210500.0'),
(125,'Johnson-Johnson','0.0'),
(128,'Dunn LLC','59700.0'),
(129,'Gutierrez PLC','64600.0'),
(131,'Oliver, Cohen and Holt','114900.0'),
(141,'Davis-Wright','227600.0'),
(144,'Johnson-Mitchell','53100.0'),
(145,'White, Zamora and Arroyo','83400.0'),
(146,'Nguyen-Warren','123900.0'),
(148,'Aguilar, Carlson and Hernandez','103800.0'),
(151,'Blair-Kim','138500.0'),
(157,'Jarvis, Parker and Maddox','100600.0'),
(161,'Mckee PLC','84600.0'),
(166,'Barajas, Smith and Holmes','97900.0'),
(167,'Daniels, Ponce and Haynes','96800.0'),
(168,'Flynn-Gonzalez','0.0'),
(169,'Buchanan-Edwards','0.0'),
(171,'Conner Ltd','82900.0'),
(172,'Hawkins and Sons','84300.0'),
(173,'Hunter-Wright','43400.0'),
(175,'Mullins-Davis','84300.0'),
(177,'Monroe, Cox and Herring','81200.0'),
(181,'Weiss-Williams','76400.0'),
(186,'Cox-Tucker','96500.0'),
(187,'Henderson, Gonzalez and Proctor','136800.0'),
(189,'Berger Group','69400.0'),
(198,'Finley-Sullivan','23000.0'),
(201,'Mckay PLC','92700.0'),
(202,'Wise LLC','90300.0'),
(204,'Hawkins-Villegas','68700.0'),
(205,'Brown, Stokes and Waller','90700.0'),
(206,'Knox, Bauer and Burgess','0.0'),
(209,'Smith Group','53800.0'),
(211,'Mccarthy-Reese','58600.0'),
(216,'Thornton, Jordan and Schultz','60300.0'),
(219,'Goodwin, Rivera and Love','11000.0'),
(223,'Bell, Fisher and Robertson','0.0'),
(227,'Aguirre PLC','120800.0'),
(233,'Small-Russo','48700.0'),
(237,'Huang-Kelly','0.0'),
(239,'Brown-White','105000.0'),
(240,'Cole-Huynh','93900.0'),
(242,'Cook-Graves','61100.0'),
(247,'Fuentes and Sons','0.0'),
(249,'Sanchez, Bass and Adams','113000.0'),
(250,'Carter-Barrett','68100.0'),
(256,'Newton Group','77900.0'),
(259,'Johnston, Foster and Meyer','120400.0'),
(260,'Baker, Hurst and Hess','89600.0'),
(273,'Hughes-Evans','0.0'),
(276,'Barnes-Livingston','107800.0'),
(278,'Wade-Gomez','119600.0'),
(282,'Williams Group','93300.0'),
(286,'Patel-Ford','123700.0'),
(293,'Hensley and Sons','0.0'),
(298,'Freeman, Howard and Martin','141300.0'),
(299,'Bennett Inc','95100.0'),
(303,'Brown-Johnson','0.0'),
(307,'Gibson PLC','0.0'),
(311,'Santos, Martinez and Carrillo','90500.0'),
(314,'Garza, Johnson and Garcia','79900.0'),
(319,'Jenkins and Sons','102700.0'),
(320,'Hutchinson Group','94500.0'),
(321,'Ford Group','105000.0'),
(323,'Baker-Adams','88000.0'),
(324,'Clark, Frazier and Meadows','77000.0'),
(328,'Bullock, York and Madden','43000.0'),
(333,'Johnson Group','51600.0'),
(334,'Armstrong, Miller and Boyer','98800.0'),
(335,'Harding, Graham and Perez','0.0'),
(339,'Grant, Martin and Bowman','81100.0'),
(344,'Pena, Andersen and Harris','59600.0'),
(347,'Hanna, Mendez and Holmes','57700.0'),
(348,'Ochoa, Foster and Martinez','0.0'),
(350,'Jensen Inc','65000.0'),
(353,'Ramirez Group','81100.0'),
(356,'Larsen PLC','0.0'),
(357,'Alvarado, Miller and Jones','77700.0'),
(361,'Long, Morris and Shaffer','0.0'),
(362,'Mendoza-Parker','41900.0'),
(363,'Shelton, Young and Byrd','114200.0'),
(369,'Gates, Waters and Orr','0.0'),
(376,'Robinson Group','0.0'),
(379,'Davis, Brown and Carter','70700.0'),
(381,'Castillo, Carter and Mueller','23500.0'),
(382,'White Group','71700.0'),
(385,'Frazier-Morrow','81500.0'),
(386,'Patton Group','121400.0'),
(398,'Cox-Schwartz','94400.0'),
(406,'Murray-Freeman','95000.0'),
(409,'Gonzalez-Thomas','0.0'),
(412,'Smith-Joseph','86800.0'),
(415,'Boyd LLC','77000'.0),
(424,'Gardner, Johnson and Aguirre','67500.0'),
(443,'Pruitt, Simmons and Murray','0.0'),
(447,'Guerrero, Dunn and Nichols','49700.0'),
(448,'Harrison Inc','116400.0'),
(450,'Thompson-Roberts','77600.0'),
(452,'Richard PLC','45300.0'),
(455,'Osborn LLC','95400.0'),
(456,'Hernandez LLC','39800.0'),
(458,'Hoffman and Sons','104600.0'),
(459,'Herman Ltd','0.0'),
(462,'Mcdonald, Cook and Moore','85800.0'),
(465,'Davidson, Rodriguez and Ross','0.0'),
(471,'Cruz-Rogers','60300.0'),
(473,'Brown, Barron and Lindsey','34800.0'),
(475,'Santiago, Wilson and Bautista','55400.0'),
(477,'Padilla Group','0.0'),
(480,'Bernard, Wilson and Williams','0.0'),
(481,'Mcintosh Ltd','0.0'),
(484,'Thomas, Madden and Haynes','65700.0'),
(486,'Riggs, Harding and Wilson','72600.0'),
(487,'Mason-Bailey','60300.0'),
(489,'Lewis-Lee','43300.0'),
(495,'Garcia-Mendez','85100.0'),
(496,'Owens PLC','110000.0');


#products
DROP TABLE IF EXISTS PRODUCTS;

CREATE TABLE PRODUCTS (
  PRODUCTID VARCHAR(100) PRIMARY KEY,
  PRODUCTNAME VARCHAR(100) NOT NULL,
  PRODUCTCATEGORY VARCHAR(100) NOT NULL,
  QUANTITYINSTOCK INT NOT NULL,
  BUYPRICE DECIMAL(10, 2) NOT NULL
);

#inserting data into PRODUCTS table
INSERT INTO `DEMO`.`PRODUCTS` (`PRODUCTID`, `PRODUCTNAME`, `PRODUCTCATEGORY`, `QUANTITYINSTOCK`, `BUYPRICE`)
VALUES
('B100167', 'Harley Davidson Fat Boy', 'Bikes', 10023, '59.88'),
('C109491', 'Chevrolet Corvette 2019', 'Cars', 8492, '98.58'),
('B100216', 'Ducati Monster', 'Bikes', 9625, '70.99'),
('B100498', 'Harley Davidson CVO', 'Bikes', 5475, '81.02'),
('C104757', 'Ferrari F40', 'Cars', 9246, '85.68'),
('C104962', 'Lamborghini Diablo', 'Cars', 8273, '103.42'),
('C101099', 'Ford Mustang', 'Cars', 9123, '95.34'),
('C101108', 'Ferrari 250 GTO', 'Cars', 10274, '95.59'),
('B100823', 'Suzuki GSX R1000', 'Bikes', 10997, '56.87'),
('C103148', 'Volks Wagen Lavida 2018', 'Cars', 9785, '89.14'),
('C103380', 'Pagani Huayra 2012', 'Cars', 8923, '75.16'),
('C103891', 'Ford Falcon', 'Cars', 7293, '83.05'),
('C103990', 'Dodge Copperhead', 'Cars', 8387, '31.92'),
('C104675', 'Ferrari Testarossa', 'Cars', 7481, '58.73'),
('C101129', 'Ferrari California', 'Cars', 8128, '83.51'),
('C101589', 'Ferrari 456', 'Cars', 9425, '101.51'),
('C101889', 'Volks Wagen Santana 2015', 'Cars', 9421, '53.90'),
('C101984', 'SRT Viper 2013', 'Cars', 9623, '93.89'),
('C102238', 'Pagani Huayra BC 2017', 'Cars', 8001, '23.90'),
('B100625', 'Harley Davidson Road Glide Special', 'Bikes', 8357, '44.43'),
('C102870', 'Ferrari F355', 'Cars', 9872, '56.76'),
('C103232', 'Pagani Huayra Roadster BC 2019', 'Cars', 9312, '77.90'),
('C103233', 'Pagani Huayra R 2021', 'Cars', 8687, '57.01'),
('C103278', 'Volks Wagen Polo 2021', 'Cars', 10029, '49.05'),
('C103482', 'Ford Gran Torino', 'Cars', 9382, '73.49'),
('C103685', 'Porsche 718 Spyder', 'Cars', 8450, '62.16'),
('B100372', 'Suzuki Hayabusa', 'Bikes', 9689, '38.00'),
('C104027', 'Volks Wagen Virtus 2022', 'Cars', 9789, '91.92'),
('C104721', 'Corvette Z06', 'Cars', 8344, '69.93'),
('C104933', 'Ford Thunderbird', 'Cars', 9312, '34.21'),
('C101046', 'Porsche 930', 'Cars', 6005, '49.24'),
('C101444', 'Lamborghini Countach', 'Cars', 8074, '32.37'),
('B100578', 'BMW G310R', 'Bikes', 9292, '56.68'),
('C101628', 'Volks Wagen Jetta 2018', 'Cars', 9197, '29.18'),
('B100233', 'Harley Davidson Super Glide', 'Bikes', 7453, '57.12'),
('B100360', 'Ducati SuperSport', 'Bikes', 8626, '59.10'),
('C102766', 'Porsche Macan', 'Cars', 7350, '47.25'),
('C102840', 'Ferrari 612 Scaglietti', 'Cars', 6542, '15.91'),
('C102887', 'Porsche 911 GT3', 'Cars', 7452, '72.82'),
('C102972', 'Lamborghini Urus', 'Cars', 9723, '16.24'),
('C103191', 'Chevrolet Corvette C6', 'Cars', 9090, '50.51'),
('C103371', 'Porsche 911', 'Cars', 7000, '38.58'),
('C103432', 'Chevy Corvette 2002', 'Cars', 9739, '62.11'),
('C103856', 'Volks Wagen Passat 2021', 'Cars', 8002, '98.30'),
('C104048', 'Ferrari F12', 'Cars', 6299, '69.78'),
('C104620', 'Chevrolet Corvette ZR1 C6', 'Cars', 9928, '32.33'),
('B100374', 'BMW R 1200 GS', 'Bikes', 10944, '67.23'),
('B100226', 'Ducati Multistrada', 'Bikes', 7822, '34.56'),
('B100446', 'Ducati Panigale V4', 'Bikes', 9557, '57.19'),
('B100413', 'Yamaha MT 07', 'Bikes', 9600, '36.11'),
('C102824', 'Volks Wagen Arteon', 'Cars', 9023, '46.53');


#orders
DROP TABLE IF EXISTS ORDERS;

CREATE TABLE ORDERS (
  ORDERID INT PRIMARY KEY,
  CUSTOMERID INT NOT NULL,
  ORDERDATE DATE NOT NULL,
  SHIPPEDDATE DATE,
  ORDERSTATUS VARCHAR(50) NOT NULL,
  FOREIGN KEY (CUSTOMERID) REFERENCES CUSTOMERS(CUSTOMERID)
);

#inserting data into ORDERS table
INSERT INTO `DEMO`.`ORDERS` (`ORDERID`, `CUSTOMERID`, `ORDERDATE`, `SHIPPEDDATE`, `ORDERSTATUS`)
VALUES
(100100,363,'2022-01-06','2022-01-10','Shipped'),
(100101,128,'2022-01-09','2022-01-11','Shipped'),
(100102,181,'2022-01-10','2022-01-14','Shipped'),
(100103,121,'2022-01-29','2022-02-02','Shipped'),
(100104,141,'2022-01-31','2022-02-01','Shipped'),
(100105,145,'2022-02-11','2022-02-12','Shipped'),
(100106,278,'2022-02-17','2022-02-21','Shipped'),
(100107,131,'2022-02-24','2022-02-26','Shipped'),
(100108,385,'2022-03-03','2022-03-08','Shipped'),
(100109,486,'2022-03-10','2022-03-11','Shipped'),
(100110,187,'2022-03-18','2022-03-20','Shipped'),
(100111,129,'2022-03-25','2022-03-30','Shipped'),
(100112,144,'2022-03-24','2022-03-29','Shipped'),
(100113,124,'2022-03-26','2022-03-27','Shipped'),
(100114,172,'2022-04-01','2022-04-02','Shipped'),
(100115,424,'2022-04-04','2022-04-07','Shipped'),
(100116,381,'2022-04-11','2022-04-13','Shipped'),
(100117,148,'2022-04-16','2022-04-17','Shipped'),
(100118,216,'2022-04-21','2022-04-26','Shipped'),
(100119,382,'2022-04-28','2022-05-02','Shipped'),
(100120,114,'2022-04-29','2022-05-01','Shipped'),
(100122,350,'2022-05-08','2022-05-13','Shipped'),
(100123,103,'2022-05-20','2022-05-22','Shipped'),
(100124,112,'2022-05-21','2022-05-25','Shipped'),
(100125,114,'2022-05-21','2022-05-24','Shipped'),
(100126,458,'2022-05-28','2022-06-02','Shipped'),
(100127,151,'2022-06-03','2022-06-06','Shipped'),
(100128,141,'2022-06-06','2022-06-11','Shipped'),
(100129,324,'2022-06-12','2022-06-14','Shipped'),
(100130,198,'2022-06-16','2022-06-21','Shipped'),
(100131,447,'2022-06-16','2022-06-21','Shipped'),
(100132,323,'2022-06-25','2022-06-28','Shipped'),
(100133,141,'2022-06-27','2022-07-03','Shipped'),
(100134,250,'2022-07-01','2022-07-05','Shipped'),
(100135,124,'2022-07-02','2022-07-03','Shipped'),
(100136,242,'2022-07-04','2022-07-06','Shipped'),
(100137,353,'2022-07-10','2022-07-14','Shipped'),
(100138,496,'2022-07-07','2022-07-13','Shipped'),
(100139,282,'2022-07-16','2022-07-21','Shipped'),
(100140,161,'2022-07-24','2022-07-30','Shipped'),
(100141,334,'2022-08-01','2022-08-04','Shipped'),
(100142,124,'2022-08-08','2022-08-13','Shipped'),
(100143,320,'2022-08-10','2022-08-12','Shipped'),
(100144,381,'2022-08-13','2022-08-14','Shipped'),
(100145,205,'2022-08-25','2022-08-31','Shipped'),
(100146,447,'2022-09-03','2022-09-06','Shipped'),
(100147,379,'2022-09-05','2022-09-09','Shipped'),
(100148,276,'2022-09-11','2022-09-15','Shipped'),
(100149,487,'2022-09-12','2022-09-17','Shipped'),
(100150,148,'2022-09-19','2022-09-21','Shipped'),
(100151,311,'2022-09-21','2022-09-24','Shipped'),
(100152,333,'2022-09-25','2022-10-01','Shipped'),
(100153,141,'2022-09-28','2022-10-03','Shipped'),
(100154,219,'2022-10-02','2022-10-08','Shipped'),
(100155,186,'2022-10-06','2022-10-07','Shipped'),
(100156,141,'2022-10-08','2022-10-11','Shipped'),
(100157,473,'2022-10-09','2022-10-14','Shipped'),
(100158,121,'2022-10-10','2022-10-15','Shipped'),
(100159,321,'2022-10-10','2022-10-16','Shipped'),
(100160,347,'2022-10-11','2022-10-17','Shipped'),
(100161,227,'2022-10-17','2022-10-20','Shipped'),
(100162,321,'2022-10-18','2022-10-19','Shipped'),
(100163,424,'2022-10-20','2022-10-24','Shipped'),
(100164,452,'2022-10-21','2022-10-23','Resolved'),
(100165,148,'2022-10-22','2022-12-26','Shipped'),
(100166,462,'2022-10-21','2022-10-27','Shipped'),
(100167,448,'2022-10-23',NULL,'Cancelled'),
(100168,161,'2022-10-28','2022-11-01','Shipped'),
(100169,276,'2022-11-04','2022-11-09','Shipped'),
(100170,452,'2022-11-04','2022-11-07','Shipped'),
(100171,233,'2022-11-05','2022-11-07','Shipped'),
(100172,175,'2022-11-05','2022-11-11','Shipped'),
(100173,278,'2022-11-05','2022-11-09','Shipped'),
(100174,333,'2022-11-06','2022-11-10','Shipped'),
(100175,324,'2022-11-06','2022-11-09','Shipped'),
(100176,386,'2022-11-06','2022-11-12','Shipped'),
(100177,344,'2022-11-07','2022-11-12','Shipped'),
(100178,242,'2022-11-08','2022-11-10','Shipped'),
(100179,496,'2022-11-11','2022-11-13','Cancelled'),
(100180,171,'2022-11-11','2022-11-14','Shipped'),
(100181,167,'2022-11-12','2022-11-15','Shipped'),
(100182,124,'2022-11-12','2022-11-18','Shipped'),
(100183,339,'2022-11-13','2022-11-15','Shipped'),
(100184,484,'2022-11-14','2022-11-20','Shipped'),
(100185,320,'2022-11-14','2022-11-20','Shipped'),
(100186,489,'2022-11-14','2022-11-18','Shipped'),
(100187,211,'2022-11-15','2022-11-16','Shipped'),
(100188,167,'2022-11-18','2022-11-24','Shipped'),
(100189,205,'2022-11-18','2022-11-24','Shipped'),
(100190,141,'2022-11-19','2022-11-20','Shipped'),
(100191,259,'2022-11-20','2022-11-24','Shipped'),
(100192,363,'2022-11-20','2022-11-25','Shipped'),
(100193,471,'2022-11-21','2022-11-27','Shipped'),
(100194,146,'2022-11-25','2022-11-26','Shipped'),
(100195,319,'2022-11-25','2022-11-28','Shipped'),
(100196,455,'2022-11-26','2022-12-01','Shipped'),
(100197,216,'2022-11-26','2022-12-01','Shipped'),
(100198,385,'2022-11-27','2022-12-03','Shipped'),
(100199,475,'2022-12-01','2022-12-06','Shipped'),
(100200,211,'2022-12-01','2022-12-06','Shipped'),
(100201,129,'2022-12-01','2022-12-02','Shipped'),
(100202,357,'2022-12-02','2022-12-06','Shipped'),
(100203,141,'2022-12-02','2022-12-07','Shipped'),
(100204,151,'2022-12-02','2022-12-04','Shipped'),
(100205,141,'2022-12-03','2022-12-07','Shipped'),
(100206,202,'2022-12-05','2022-12-08','Shipped'),
(100207,495,'2022-12-09','2022-12-11','Shipped'),
(100208,146,'2021-01-02','2021-01-04','Shipped'),
(100209,347,'2021-01-09','2021-01-12','Shipped'),
(100210,177,'2021-01-12','2021-01-20','Shipped'),
(100211,406,'2021-01-15','2021-01-18','Shipped'),
(100212,141,'2021-01-16','2021-01-18','Shipped'),
(100213,489,'2021-01-22','2021-01-27','Shipped'),
(100214,458,'2021-01-26','2021-01-29','Shipped'),
(100215,475,'2021-01-29','2021-02-01','Shipped'),
(100216,256,'2021-02-02','2021-02-04','Shipped'),
(100217,166,'2021-02-04','2021-02-06','Shipped'),
(100218,473,'2021-02-09','2021-02-11','Shipped'),
(100219,487,'2021-02-10','2021-02-12','Shipped'),
(100220,189,'2021-02-12','2021-02-16','Shipped'),
(100221,314,'2021-02-18','2021-02-19','Shipped'),
(100222,239,'2021-02-19','2021-02-20','Shipped'),
(100223,114,'2021-02-20','2021-02-24','Shipped'),
(100224,171,'2021-02-21','2021-02-26','Shipped'),
(100225,298,'2021-02-22','2021-02-24','Shipped'),
(100226,239,'2021-02-26','2021-03-02','Shipped'),
(100227,146,'2021-03-02','2021-03-08','Shipped'),
(100228,173,'2021-03-10','2021-03-13','Shipped'),
(100229,124,'2021-03-11','2021-03-12','Shipped'),
(100230,128,'2021-03-15','2021-03-20','Shipped'),
(100231,344,'2021-03-19','2021-03-25','Shipped'),
(100232,240,'2021-03-20','2021-03-25','Shipped'),
(100233,328,'2021-03-29','2021-04-02','Shipped'),
(100234,412,'2021-03-30','2021-04-02','Shipped'),
(100235,260,'2021-04-02','2021-04-06','Shipped'),
(100236,486,'2021-04-03','2021-04-08','Shipped'),
(100237,181,'2021-04-05','2021-04-10','Shipped'),
(100238,145,'2021-04-09','2021-04-10','Shipped'),
(100239,311,'2021-04-12','2021-04-17','Shipped'),
(100240,177,'2021-04-13','2021-04-20','Shipped'),
(100241,209,'2021-04-13','2021-04-19','Shipped'),
(100242,456,'2021-04-20','2021-04-25','Shipped'),
(100243,495,'2021-04-26','2021-04-28','Shipped'),
(100244,141,'2021-04-29','2021-05-04','Shipped'),
(100245,455,'2021-05-04','2021-05-09','Shipped'),
(100246,141,'2021-05-05','2021-05-06','Shipped'),
(100247,334,'2021-05-05','2021-05-08','Shipped'),
(100248,131,'2021-05-07',NULL,'Cancelled'),
(100249,173,'2021-05-08','2021-05-11','Shipped'),
(100250,450,'2021-05-11','2021-05-15','Shipped'),
(100251,328,'2021-05-18','2021-05-24','Shipped'),
(100252,406,'2021-05-26','2021-05-29','Shipped'),
(100253,201,'2021-06-01','2021-06-02','Cancelled'),
(100254,323,'2021-06-03','2021-06-04','Shipped'),
(100255,209,'2021-06-04','2021-06-09','Shipped'),
(100256,145,'2021-06-08','2021-06-10','Shipped'),
(100257,450,'2021-06-14','2021-06-15','Shipped'),
(100258,398,'2021-06-15','2021-06-23','Shipped'),
(100259,166,'2021-06-15','2021-06-17','Shipped'),
(100260,357,'2021-06-16',NULL,'Cancelled'),
(100261,233,'2021-06-17','2021-06-22','Shipped'),
(100262,141,'2021-06-24',NULL,'Cancelled'),
(100263,175,'2021-06-28','2021-07-02','Shipped'),
(100264,362,'2021-06-30','2021-07-01','Shipped'),
(100265,471,'2021-07-02','2021-07-07','Shipped'),
(100266,386,'2021-07-06','2021-07-10','Shipped'),
(100267,151,'2021-07-07','2021-07-09','Shipped'),
(100268,412,'2021-07-12','2021-07-14','Shipped'),
(100269,382,'2021-07-16','2021-07-18','Shipped'),
(100270,282,'2021-07-19','2021-07-24','Shipped'),
(100271,124,'2021-07-20','2021-07-23','Shipped'),
(100272,157,'2021-07-20','2021-07-22','Shipped'),
(100273,314,'2021-07-21','2021-07-22','Shipped'),
(100274,379,'2021-07-21','2021-07-22','Shipped'),
(100275,119,'2021-07-23','2021-07-29','Shipped'),
(100276,204,'2021-08-02','2021-08-08','Shipped'),
(100277,148,'2021-08-04','2021-08-05','Shipped'),
(100278,112,'2021-08-06','2021-08-09','Shipped'),
(100279,141,'2021-08-09','2021-08-15','Shipped'),
(100280,249,'2021-08-17','2021-08-19','Shipped'),
(100281,157,'2021-08-19','2021-08-23','Shipped'),
(100282,124,'2021-08-20','2021-08-22','Shipped'),
(100283,260,'2021-08-20','2021-08-23','Shipped'),
(100284,299,'2021-08-21','2021-08-26','Shipped'),
(100285,286,'2021-08-27','2021-08-31','Shipped'),
(100286,172,'2021-08-28','2021-09-01','Shipped'),
(100287,298,'2021-08-30','2021-09-01','Shipped'),
(100288,166,'2021-09-01','2021-09-05','Shipped'),
(100289,167,'2021-09-03','2021-09-04','Shipped'),
(100290,198,'2021-09-07','2021-09-13','Shipped'),
(100291,448,'2021-09-08','2021-09-14','Shipped'),
(100292,131,'2021-09-08','2021-09-11','Shipped'),
(100293,249,'2021-09-09','2021-09-14','Shipped'),
(100294,204,'2021-09-10','2021-09-14','Shipped'),
(100295,362,'2021-09-10','2021-09-14','Shipped'),
(100296,415,'2021-09-15','2021-09-16','Shipped'),
(100297,189,'2021-09-16','2021-09-21','Shipped'),
(100298,103,'2021-09-27','2021-10-01','Shipped'),
(100299,186,'2021-09-30','2021-10-01','Shipped'),
(100300,128,'2022-10-04','2022-10-09','Shipped'),
(100301,299,'2022-10-05','2022-10-08','Shipped'),
(100302,201,'2022-10-06','2022-10-07','Shipped'),
(100303,484,'2021-10-06','2021-10-09','Shipped'),
(100304,256,'2021-10-11','2021-10-17','Shipped'),
(100305,286,'2021-10-13','2021-10-15','Shipped'),
(100306,187,'2021-10-14','2021-10-17','Shipped'),
(100307,339,'2021-10-14','2021-10-20','Shipped'),
(100308,319,'2021-10-15','2021-10-20','Shipped'),
(100309,121,'2021-10-15','2021-10-18','Shipped'),
(100310,259,'2021-10-16','2021-10-18','Shipped'),
(100311,141,'2021-10-16','2021-10-20','Shipped'),
(100312,124,'2021-10-21','2021-10-23','Shipped'),
(100313,202,'2021-10-22','2021-10-25','Shipped'),
(100314,227,'2021-10-22','2021-10-23','Shipped'),
(100315,119,'2021-10-29','2021-10-30','Shipped'),
(100316,240,'2021-11-01','2021-11-07','Shipped'),
(100317,161,'2021-11-02','2021-11-08','Shipped'),
(100318,157,'2021-11-02','2021-11-07','Shipped'),
(100319,456,'2021-11-03','2021-11-06','Shipped'),
(100320,144,'2021-11-03','2021-11-07','Shipped'),
(100321,462,'2021-11-04','2021-11-07','Shipped'),
(100322,363,'2021-11-04','2021-11-10','Shipped'),
(100323,128,'2021-11-05','2021-11-09','Shipped'),
(100324,181,'2021-11-05','2021-11-08','Shipped'),
(100325,121,'2021-11-05','2021-11-08','Shipped'),
(100326,144,'2021-11-09','2021-11-10','Shipped'),
(100327,145,'2021-11-10','2021-11-13','In Process'),
(100328,278,'2021-11-12','2021-11-18','Shipped'),
(100329,131,'2021-11-15','2021-11-16','Shipped'),
(100330,385,'2021-11-16','2021-11-21','Shipped'),
(100331,486,'2021-11-17','2021-11-23','Shipped'),
(100332,187,'2021-11-17','2021-11-18','Shipped'),
(100333,129,'2021-11-18','2021-11-20','Shipped'),
(100334,144,'2021-11-19',NULL,'On Hold'),
(100335,124,'2021-11-19','2021-11-23','Shipped'),
(100336,172,'2021-11-20','2021-11-24','Shipped'),
(100337,424,'2021-11-21','2021-11-26','Shipped'),
(100338,381,'2021-11-22','2021-11-27','Shipped'),
(100339,398,'2021-11-23','2021-11-30','Shipped'),
(100340,216,'2021-11-24','2021-11-25','Shipped'),
(100341,382,'2021-11-24','2021-11-29','Shipped'),
(100342,114,'2021-11-24','2021-11-29','Shipped'),
(100343,353,'2021-11-24','2021-11-26','Shipped'),
(100344,350,'2021-11-25','2021-11-29','Shipped'),
(100345,103,'2021-11-25','2021-11-26','Shipped'),
(100346,112,'2021-11-29','2021-11-30','Shipped'),
(100347,114,'2021-11-29','2021-11-30','Shipped'),
(100348,458,'2021-11-01','2021-11-05','Shipped'),
(100349,151,'2021-12-01','2021-12-03','Shipped'),
(100350,141,'2021-12-02','2021-12-05','Shipped'),
(100351,324,'2021-12-03','2021-12-07','Shipped'),
(100352,198,'2021-12-03','2021-12-09','Shipped'),
(100353,447,'2021-12-04','2021-12-05','Shipped'),
(100354,323,'2021-12-04','2021-12-05','Shipped'),
(100355,141,'2021-12-07','2021-12-13','Shipped'),
(100356,250,'2021-12-09','2021-12-12','Shipped'),
(100357,124,'2021-12-10','2021-12-14','Shipped'),
(100358,141,'2021-12-10','2021-12-16','Shipped'),
(100359,353,'2021-12-15','2021-12-18','Shipped'),
(100360,496,'2021-12-16','2021-12-18','Shipped'),
(100361,282,'2021-12-17','2021-12-20','Shipped'),
(100362,161,'2020-01-05','2020-01-10','Shipped'),
(100363,334,'2020-01-06','2020-01-10','Shipped'),
(100364,350,'2020-01-06','2020-01-09','Shipped'),
(100365,320,'2020-01-07','2020-01-11','Shipped'),
(100366,381,'2020-01-10','2020-01-12','Shipped'),
(100367,205,'2020-01-12','2020-01-16','In Process'),
(100368,124,'2020-01-19','2020-01-24','Shipped'),
(100369,379,'2020-01-20','2020-01-24','Shipped'),
(100370,276,'2020-01-20','2020-01-25','Shipped'),
(100371,124,'2020-01-23','2020-01-25','Shipped'),
(100372,398,'2020-01-26','2020-01-28','Shipped'),
(100373,311,'2020-01-31','2020-02-06','Shipped'),
(100374,333,'2020-02-02','2020-02-03','Shipped'),
(100375,119,'2020-02-03','2020-02-06','Shipped'),
(100376,219,'2020-02-08','2020-02-13','Shipped'),
(100377,186,'2020-02-09','2020-02-12','Shipped'),
(100378,141,'2020-02-10','2020-02-11','Shipped'),
(100379,141,'2020-02-10','2020-02-11','Shipped'),
(100380,141,'2020-02-16','2020-02-18','Shipped'),
(100381,321,'2020-02-17','2020-02-18','Shipped'),
(100382,124,'2020-02-17','2020-02-18','Shipped'),
(100383,141,'2020-02-22','2020-02-25','Shipped'),
(100384,321,'2020-02-23','2020-02-27','Shipped'),
(100385,124,'2020-02-28','2020-03-01','Shipped'),
(100386,141,'2020-03-01','2020-03-06','In Process'),
(100387,148,'2020-03-02','2020-03-06','Shipped'),
(100388,462,'2020-03-03','2020-03-09','Shipped'),
(100389,448,'2020-03-03','2020-03-08','Shipped'),
(100390,124,'2020-03-04','2020-03-07','Shipped'),
(100391,276,'2020-03-09','2020-03-15','Shipped'),
(100392,452,'2020-03-10','2020-03-12','Shipped'),
(100393,323,'2020-03-11','2020-03-14','Shipped'),
(100394,141,'2020-03-15','2020-03-19','Shipped'),
(100395,250,'2020-03-17','2020-03-23','Shipped'),
(100396,124,'2020-03-23','2020-03-28','Shipped'),
(100397,242,'2020-03-28','2020-04-01','Shipped'),
(100398,353,'2020-03-30','2020-03-31','Shipped'),
(100399,496,'2020-04-01','2020-04-03','Shipped'),
(100400,450,'2020-04-01','2020-04-04','Shipped'),
(100401,328,'2020-04-03',NULL,'On Hold'),
(100402,406,'2020-04-07','2020-04-12','Shipped'),
(100403,201,'2020-04-08','2020-04-11','Shipped'),
(100404,323,'2020-04-08','2020-04-11','Shipped'),
(100405,209,'2020-04-14','2020-04-20','Shipped'),
(100406,145,'2020-04-15','2020-04-21','In Process'),
(100407,450,'2020-04-22',NULL,'On Hold'),
(100408,398,'2020-04-22','2020-04-27','Shipped'),
(100409,166,'2020-04-23','2020-04-24','Shipped'),
(100410,357,'2020-04-29','2020-04-30','Shipped'),
(100411,233,'2020-05-01','2020-05-06','Shipped'),
(100412,141,'2020-05-03','2020-05-05','Shipped'),
(100413,175,'2020-05-05','2020-05-09','Shipped'),
(100414,362,'2020-05-06',NULL,'On Hold'),
(100415,471,'2020-05-09','2020-05-12','In Process'),
(100416,386,'2020-05-10','2020-05-14','Shipped'),
(100417,141,'2020-05-13','2020-05-19','In Process'),
(100418,412,'2020-05-16','2020-05-20','Shipped'),
(100419,382,'2020-05-17','2020-05-19','Shipped'),
(100420,282,'2020-05-29',NULL,'In Process'),
(100421,124,'2020-05-29',NULL,'In Process'),
(100422,157,'2020-05-30',NULL,'In Process'),
(100423,314,'2020-05-30',NULL,'In Process'),
(100424,141,'2020-05-31',NULL,'In Process'),
(100425,119,'2020-05-31',NULL,'In Process');

#orderdetails
DROP TABLE IF EXISTS ORDERDETAILS;

CREATE TABLE ORDERDETAILS (
  ORDERID INT NOT NULL,
  PRODUCTID VARCHAR(100),
  QUANTITYORDERED INT,
  COSTPERUNIT DECIMAL(10, 2),
  PRIMARY KEY (ORDERID,PRODUCTID),
  FOREIGN KEY (ORDERID) REFERENCES ORDERS(ORDERID),
  FOREIGN KEY (PRODUCTID) REFERENCES PRODUCTS(PRODUCTID)
);

#inserting data into ORDERDETAILS table
INSERT INTO `DEMO`.`ORDERDETAILS` (`ORDERID`, `PRODUCTID`, `QUANTITYORDERED`, `COSTPERUNIT`)
VALUES
(100100, 'B100167', 30, '136.00'),
(100100, 'C109491', 50, '55.09'),
(100100, 'B100216', 22, '75.46'),
(100100, 'B100498', 49, '35.29'),
(100101, 'C104757', 25, '108.06'),
(100101, 'C104962', 26, '167.06'),
(100101, 'C101099', 45, '32.53'),
(100101, 'C101108', 46, '44.35'),
(100102, 'B100823', 39, '95.55'),
(100102, 'C103148', 41, '43.13'),
(100103, 'C103380', 26, '214.30'),
(100103, 'C103891', 42, '119.67'),
(100103, 'C103990', 27, '121.64'),
(100103, 'C104675', 35, '94.50'),
(100103, 'C101129', 22, '58.34'),
(100103, 'C101589', 27, '92.19'),
(100103, 'C101889', 35, '61.84'),
(100103, 'C101984', 25, '86.92'),
(100103, 'C102238', 46, '86.31'),
(100103, 'B100625', 36, '98.07'),
(100103, 'C102870', 41, '40.75'),
(100103, 'C103232', 36, '107.34'),
(100103, 'C103233', 25, '88.62'),
(100103, 'C103278', 31, '92.46'),
(100103, 'C103482', 45, '63.35'),
(100103, 'C103685', 42, '94.07'),
(100104, 'B100372', 34, '131.44'),
(100104, 'C104027', 41, '111.39'),
(100104, 'C104721', 24, '135.90'),
(100104, 'C104933', 29, '122.73'),
(100104, 'C101046', 23, '165.95'),
(100104, 'C101444', 38, '119.20'),
(100104, 'B100578', 35, '52.02'),
(100104, 'C101628', 44, '30.41'),
(100104, 'B100233', 26, '106.45'),
(100104, 'B100360', 35, '51.95'),
(100104, 'C102766', 49, '56.55'),
(100104, 'C102840', 33, '114.59'),
(100104, 'C102887', 32, '53.31'),
(100105, 'C102972', 50, '127.84'),
(100105, 'C103191', 41, '205.72'),
(100105, 'C103371', 29, '141.88'),
(100105, 'C103432', 22, '136.59'),
(100105, 'C103856', 38, '87.73'),
(100105, 'C104048', 41, '75.48'),
(100105, 'C104620', 43, '117.97'),
(100105, 'B100374', 44, '73.46'),
(100105, 'B100226', 50, '75.47'),
(100105, 'B100446', 41, '54.00'),
(100105, 'B100413', 29, '86.61'),
(100105, 'C102824', 31, '60.72'),
(100105, 'B100167', 39, '92.16'),
(100105, 'C109491', 22, '99.31'),
(100105, 'B100216', 25, '44.77'),
(100106, 'B100498', 36, '134.04'),
(100106, 'C104757', 34, '81.10'),
(100106, 'C104962', 41, '80.86'),
(100106, 'C101099', 41, '94.22'),
(100106, 'C101108', 28, '107.23'),
(100106, 'B100823', 49, '65.77'),
(100106, 'C103148', 31, '55.89'),
(100106, 'C103380', 50, '55.96'),
(100106, 'C103891', 26, '71.00'),
(100106, 'C103990', 33, '65.35'),
(100106, 'C104675', 39, '35.78'),
(100106, 'C101129', 31, '91.34'),
(100106, 'C101589', 30, '85.09'),
(100106, 'C101889', 34, '99.72'),
(100106, 'C101984', 32, '113.90'),
(100106, 'C102238', 44, '76.00'),
(100106, 'B100625', 48, '70.33'),
(100106, 'C102870', 48, '43.70'),
(100107, 'C103232', 30, '81.35'),
(100107, 'C103233', 39, '105.86'),
(100107, 'C103278', 27, '172.36'),
(100107, 'C103482', 21, '122.00'),
(100107, 'C103685', 29, '52.70'),
(100107, 'B100372', 25, '96.92'),
(100107, 'C104027', 38, '73.12'),
(100107, 'C104721', 20, '88.90'),
(100108, 'C104933', 33, '165.38'),
(100108, 'C101046', 45, '96.30'),
(100108, 'C101444', 39, '75.81'),
(100108, 'B100578', 36, '107.10'),
(100108, 'C101628', 38, '67.76'),
(100108, 'B100233', 26, '73.17'),
(100108, 'B100360', 29, '132.29'),
(100108, 'C102766', 43, '52.84'),
(100108, 'C102840', 44, '139.87'),
(100108, 'C102887', 35, '64.41'),
(100108, 'C102972', 30, '60.01'),
(100108, 'C103191', 40, '132.00'),
(100108, 'C103371', 31, '67.10'),
(100108, 'C103432', 27, '36.21'),
(100108, 'C103856', 31, '87.76'),
(100108, 'C104048', 34, '74.85'),
(100109, 'C104620', 26, '117.48'),
(100109, 'B100374', 38, '137.98'),
(100109, 'B100226', 26, '126.72'),
(100109, 'B100446', 46, '160.87'),
(100109, 'B100413', 47, '125.74'),
(100109, 'C102824', 29, '32.10'),
(100110, 'B100167', 37, '118.22'),
(100110, 'C109491', 42, '153.00'),
(100110, 'B100216', 32, '51.46'),
(100110, 'B100498', 33, '115.69'),
(100110, 'C104757', 31, '163.69'),
(100110, 'C104962', 28, '81.91'),
(100110, 'C101099', 42, '62.00'),
(100110, 'C101108', 36, '72.02'),
(100110, 'B100823', 29, '43.27'),
(100110, 'C103148', 20, '28.88'),
(100110, 'C103380', 39, '40.77'),
(100110, 'C103891', 43, '82.69'),
(100110, 'C103990', 46, '112.74'),
(100110, 'C104675', 27, '80.47'),
(100110, 'C101129', 37, '96.37'),
(100110, 'C101589', 48, '35.29'),
(100111, 'C101889', 33, '87.33'),
(100111, 'C101984', 48, '48.52'),
(100111, 'C102238', 28, '53.09'),
(100111, 'B100625', 43, '94.25'),
(100111, 'C102870', 39, '91.27'),
(100111, 'C103232', 26, '85.70'),
(100112, 'C103233', 29, '197.16'),
(100112, 'C103278', 23, '85.10'),
(100113, 'C103482', 21, '121.64'),
(100113, 'C103685', 49, '1001.50'),
(100113, 'B100372', 50, '43.27'),
(100113, 'C104027', 23, '58.82'),
(100114, 'C104721', 31, '128.53'),
(100114, 'C104933', 39, '106.78'),
(100114, 'C101046', 45, '53.48'),
(100114, 'C101444', 48, '169.34'),
(100114, 'B100578', 41, '105.34'),
(100114, 'C101628', 21, '1002.23'),
(100114, 'B100233', 24, '28.64'),
(100114, 'B100360', 32, '88.61'),
(100114, 'C102766', 28, '43.83'),
(100114, 'C102840', 42, '82.94'),
(100115, 'C102887', 46, '111.39'),
(100115, 'C102972', 46, '140.81'),
(100115, 'C103191', 47, '56.64'),
(100115, 'C103371', 44, '106.45'),
(100115, 'C103432', 27, '100.70'),
(100116, 'C103856', 27, '60.28'),
(100117, 'C104048', 33, '195.33'),
(100117, 'C104620', 43, '148.06'),
(100117, 'B100374', 39, '173.02'),
(100117, 'B100226', 26, '121.57'),
(100117, 'B100446', 21, '81.68'),
(100117, 'B100413', 22, '122.08'),
(100117, 'C102824', 23, '73.73'),
(100117, 'B100167', 41, '119.20'),
(100117, 'C109491', 21, '55.65'),
(100117, 'B100216', 38, '75.35'),
(100117, 'B100498', 45, '89.38'),
(100117, 'C104757', 50, '52.42'),
(100118, 'C104962', 36, '86.15'),
(100119, 'C101099', 46, '112.88'),
(100119, 'C101108', 43, '151.38'),
(100119, 'B100823', 21, '74.84'),
(100119, 'C103148', 27, '95.28'),
(100119, 'C103380', 41, '64.40'),
(100119, 'C103891', 35, '72.58'),
(100119, 'C103990', 20, '63.12'),
(100119, 'C104675', 35, '82.18'),
(100119, 'C101129', 28, '62.10'),
(100119, 'C101589', 25, '57.34'),
(100119, 'C101889', 29, '74.23'),
(100119, 'C101984', 38, '67.22'),
(100119, 'C102238', 26, '63.67'),
(100119, 'B100625', 28, '40.22'),
(100120, 'C102870', 29, '118.94'),
(100120, 'C103232', 46, '158.80'),
(100120, 'C103233', 29, '82.79'),
(100120, 'C103278', 46, '57.54'),
(100120, 'C103482', 35, '110.45'),
(100120, 'C103685', 39, '93.01'),
(100120, 'B100372', 34, '72.36'),
(100120, 'C104027', 29, '71.73'),
(100120, 'C104721', 22, '94.90'),
(100120, 'C104933', 29, '68.79'),
(100120, 'C101046', 49, '41.46'),
(100120, 'C101444', 47, '91.34'),
(100120, 'B100578', 24, '81.77'),
(100120, 'C101628', 24, '106.79'),
(100120, 'B100233', 43, '72.00'),
(100121, 'B100360', 34, '86.13'),
(100121, 'C102766', 50, '126.52'),
(100121, 'C102840', 32, '58.18'),
(100121, 'C102887', 25, '95.93'),
(100121, 'C102972', 44, '72.41'),
(100122, 'C103191', 42, '155.66'),
(100122, 'C103371', 37, '113.92'),
(100122, 'C103432', 32, '65.44'),
(100122, 'C103856', 20, '1004.80'),
(100122, 'C104048', 34, '114.65'),
(100122, 'C104620', 43, '62.37'),
(100122, 'B100374', 31, '113.80'),
(100122, 'B100226', 25, '137.17'),
(100122, 'B100446', 21, '69.15'),
(100122, 'B100413', 21, '133.76'),
(100122, 'C102824', 35, '59.06'),
(100122, 'B100167', 28, '145.82'),
(100122, 'C109491', 39, '34.74'),
(100122, 'B100216', 34, '50.82'),
(100122, 'B100498', 43, '136.22'),
(100122, 'C104757', 29, '67.10'),
(100122, 'C104962', 31, '33.79'),
(100123, 'C101099', 26, '120.71'),
(100123, 'C101108', 46, '114.84'),
(100123, 'B100823', 34, '117.26'),
(100123, 'C103148', 50, '43.27'),
(100124, 'C103380', 21, '153.00'),
(100124, 'C103891', 42, '58.12'),
(100124, 'C103990', 42, '111.87'),
(100124, 'C104675', 36, '75.46'),
(100124, 'C101129', 23, '66.28'),
(100124, 'C101589', 22, '62.47'),
(100124, 'C101889', 45, '30.53'),
(100124, 'C101984', 22, '36.29'),
(100124, 'C102238', 32, '74.51'),
(100124, 'B100625', 25, '93.95'),
(100124, 'C102870', 49, '76.19'),
(100124, 'C103232', 43, '1001.73'),
(100124, 'C103233', 46, '36.11'),
(100125, 'C103278', 32, '89.38'),
(100125, 'C103482', 34, '138.38'),
(100126, 'C103685', 38, '205.73'),
(100126, 'B100372', 22, '122.62'),
(100126, 'C104027', 21, '135.30'),
(100126, 'C104721', 38, '116.67'),
(100126, 'C104933', 42, '51.21'),
(100126, 'C101046', 43, '51.05'),
(100126, 'C101444', 31, '93.21'),
(100126, 'B100578', 46, '61.84'),
(100126, 'C101628', 30, '93.20'),
(100126, 'B100233', 38, '94.25'),
(100126, 'B100360', 50, '1002.92'),
(100126, 'C102766', 43, '47.29'),
(100126, 'C102840', 27, '122.68'),
(100126, 'C102887', 34, '83.76'),
(100126, 'C102972', 43, '82.83'),
(100126, 'C103191', 26, '62.05'),
(100126, 'C103371', 45, '97.10'),
(100127, 'C103432', 46, '193.25'),
(100127, 'C103856', 46, '140.50'),
(100127, 'C104048', 42, '169.56'),
(100127, 'C104620', 24, '100.73'),
(100127, 'B100374', 45, '140.81'),
(100127, 'B100226', 45, '114.14'),
(100127, 'B100446', 22, '149.02'),
(100127, 'B100413', 25, '126.39'),
(100127, 'C102824', 20, '50.86'),
(100127, 'B100167', 39, '34.30'),
(100127, 'C109491', 20, '107.63'),
(100127, 'B100216', 45, '46.53'),
(100127, 'B100498', 29, '60.90'),
(100127, 'C104757', 46, '111.12'),
(100127, 'C104962', 46, '55.65'),
(100128, 'C101099', 41, '120.20'),
(100128, 'C101108', 41, '80.67'),
(100128, 'B100823', 43, '77.24'),
(100128, 'C103148', 32, '72.75'),
(100129, 'C103380', 33, '123.76'),
(100129, 'C103891', 45, '113.06'),
(100129, 'C103990', 41, '81.43'),
(100129, 'C104675', 50, '76.31'),
(100129, 'C101129', 31, '58.67'),
(100129, 'C101589', 45, '72.28'),
(100129, 'C101889', 42, '90.15'),
(100129, 'C101984', 30, '94.34'),
(100129, 'C102238', 32, '44.23'),
(100130, 'B100625', 40, '68.82'),
(100130, 'C102870', 33, '99.52'),
(100131, 'C103232', 21, '141.92'),
(100131, 'C103233', 35, '60.97'),
(100131, 'C103278', 29, '52.60'),
(100131, 'C103482', 50, '54.59'),
(100131, 'C103685', 22, '76.94'),
(100131, 'B100372', 40, '86.76'),
(100131, 'C104027', 26, '63.67'),
(100131, 'C104721', 21, '40.22'),
(100132, 'C104933', 36, '80.00'),
(100133, 'C101046', 49, '80.26'),
(100133, 'C101444', 41, '109.42'),
(100133, 'B100578', 46, '61.58'),
(100133, 'C101628', 23, '80.91'),
(100133, 'B100233', 49, '67.41'),
(100133, 'B100360', 27, '37.09'),
(100133, 'C102766', 24, '76.73'),
(100133, 'C102840', 27, '115.09'),
(100134, 'C102887', 41, '90.92'),
(100134, 'C102972', 27, '116.56'),
(100134, 'C103191', 31, '187.85'),
(100134, 'C103371', 20, '131.04'),
(100134, 'C103432', 30, '51.48'),
(100134, 'C103856', 35, '94.67'),
(100134, 'C104048', 43, '75.41'),
(100135, 'C104620', 42, '173.17'),
(100135, 'B100374', 48, '110.39'),
(100135, 'B100226', 24, '72.62'),
(100135, 'B100446', 29, '1003.64'),
(100135, 'B100413', 48, '66.99'),
(100135, 'C102824', 45, '65.94'),
(100135, 'B100167', 42, '139.64'),
(100135, 'C109491', 45, '49.74'),
(100135, 'B100216', 31, '133.92'),
(100135, 'B100498', 29, '67.18'),
(100135, 'C104757', 20, '34.36'),
(100135, 'C104962', 27, '52.05'),
(100135, 'C101099', 47, '139.03'),
(100135, 'C101108', 23, '76.80'),
(100135, 'B100823', 33, '38.62'),
(100135, 'C103148', 30, '91.85'),
(100135, 'C103380', 44, '78.92'),
(100136, 'C103891', 25, '117.48'),
(100136, 'C103990', 36, '120.91'),
(100136, 'C104675', 41, '169.34'),
(100137, 'C101129', 44, '115.73'),
(100137, 'C101589', 37, '110.88'),
(100137, 'C101889', 31, '118.68'),
(100137, 'C101984', 26, '40.25'),
(100138, 'C102238', 33, '149.60'),
(100138, 'B100625', 22, '51.46'),
(100138, 'C102870', 38, '114.42'),
(100138, 'C103232', 47, '79.15'),
(100138, 'C103233', 23, '64.86'),
(100138, 'C103278', 45, '59.53'),
(100138, 'C103482', 22, '33.19'),
(100138, 'C103685', 33, '38.53'),
(100138, 'B100372', 28, '73.60'),
(100138, 'C104027', 30, '96.30'),
(100138, 'C104721', 49, '77.05'),
(100138, 'C104933', 21, '99.58'),
(100138, 'C101046', 29, '32.82'),
(100139, 'C101444', 31, '89.38'),
(100139, 'B100578', 49, '52.83'),
(100139, 'C101628', 41, '151.88'),
(100139, 'B100233', 46, '91.18'),
(100139, 'B100360', 20, '52.47'),
(100139, 'C102766', 20, '1001.58'),
(100139, 'C102840', 30, '81.35'),
(100139, 'C102887', 29, '93.49'),
(100140, 'C102972', 37, '186.44'),
(100140, 'C103191', 26, '131.49'),
(100140, 'C103371', 38, '118.90'),
(100140, 'C103432', 32, '95.67'),
(100140, 'C103856', 46, '51.05'),
(100140, 'C104048', 40, '100.50'),
(100140, 'C104620', 29, '40.25'),
(100140, 'B100374', 47, '118.84'),
(100140, 'B100226', 26, '87.64'),
(100140, 'B100446', 28, '62.05'),
(100140, 'B100413', 36, '1001.15'),
(100141, 'C102824', 21, '114.95'),
(100141, 'B100167', 39, '160.46'),
(100141, 'C109491', 47, '1003.09'),
(100141, 'B100216', 34, '143.94'),
(100141, 'B100498', 20, '50.86'),
(100141, 'C104757', 21, '32.18'),
(100141, 'C104962', 40, '1004.09'),
(100141, 'C101099', 24, '53.03'),
(100141, 'C101108', 44, '94.92'),
(100142, 'B100823', 33, '166.24'),
(100142, 'C103148', 33, '140.50'),
(100142, 'C103380', 46, '167.83'),
(100142, 'C103891', 47, '129.76'),
(100142, 'C103990', 22, '95.80'),
(100142, 'C104675', 24, '122.08'),
(100142, 'C101129', 24, '79.87'),
(100142, 'C101589', 33, '114.29'),
(100142, 'C101889', 49, '74.35'),
(100142, 'C101984', 42, '60.90'),
(100142, 'C102238', 42, '56.24'),
(100142, 'B100625', 41, '55.34'),
(100142, 'C102870', 43, '77.08'),
(100142, 'C103232', 21, '92.16'),
(100142, 'C103233', 38, '91.37'),
(100142, 'C103278', 39, '46.96'),
(100143, 'C103482', 49, '133.28'),
(100143, 'C103685', 32, '126.15'),
(100143, 'B100372', 46, '70.54'),
(100143, 'C104027', 34, '99.52'),
(100143, 'C104721', 27, '63.71'),
(100143, 'C104933', 33, '59.83'),
(100143, 'C101046', 23, '74.64'),
(100143, 'C101444', 28, '55.96'),
(100143, 'B100578', 34, '34.91'),
(100143, 'C101628', 36, '86.77'),
(100143, 'B100233', 26, '87.80'),
(100143, 'B100360', 26, '79.78'),
(100143, 'C102766', 31, '69.39'),
(100143, 'C102840', 28, '70.40'),
(100143, 'C102887', 34, '65.15'),
(100143, 'C102972', 37, '49.66'),
(100144, 'C103191', 20, '56.41'),
(100145, 'C103371', 45, '76.56'),
(100145, 'C103432', 37, '1004.67'),
(100145, 'C103856', 33, '154.93'),
(100145, 'C104048', 49, '146.10'),
(100145, 'C104620', 30, '71.81'),
(100145, 'B100374', 30, '52.70'),
(100145, 'B100226', 43, '1003.68'),
(100145, 'B100446', 40, '87.54'),
(100145, 'B100413', 47, '63.98'),
(100145, 'C102824', 27, '56.10'),
(100145, 'B100167', 33, '71.73'),
(100145, 'C109491', 33, '99.89'),
(100145, 'B100216', 31, '39.43'),
(100145, 'B100498', 27, '95.93'),
(100145, 'C104757', 38, '73.22'),
(100145, 'C104962', 20, '113.90'),
(100146, 'C101099', 47, '60.30'),
(100146, 'C101108', 29, '130.94'),
(100147, 'B100823', 48, '161.49'),
(100147, 'C103148', 31, '110.39'),
(100147, 'C103380', 21, '74.21'),
(100147, 'C103891', 33, '97.89'),
(100147, 'C103990', 26, '70.84'),
(100147, 'C104675', 36, '74.78'),
(100147, 'C101129', 37, '129.35'),
(100147, 'C101589', 25, '33.23'),
(100147, 'C101889', 30, '48.98'),
(100147, 'C101984', 23, '123.58'),
(100147, 'C102238', 31, '72.76'),
(100148, 'B100625', 23, '114.65'),
(100148, 'C102870', 47, '108.26'),
(100148, 'C103232', 25, '136.56'),
(100148, 'C103233', 27, '113.52'),
(100148, 'C103278', 32, '143.94'),
(100148, 'C103482', 28, '135.63'),
(100148, 'C103685', 34, '83.75'),
(100148, 'B100372', 29, '66.28'),
(100148, 'C104027', 25, '65.41'),
(100148, 'C104721', 47, '46.29'),
(100148, 'C104933', 21, '77.24'),
(100148, 'C101046', 34, '115.09'),
(100148, 'C101444', 31, '71.91'),
(100148, 'B100578', 27, '96.37'),
(100149, 'C101628', 50, '87.33'),
(100149, 'B100233', 30, '48.52'),
(100149, 'B100360', 34, '156.40'),
(100149, 'C102766', 24, '50.85'),
(100149, 'C102840', 33, '125.86'),
(100149, 'C102887', 23, '167.06'),
(100149, 'C102972', 42, '89.29'),
(100149, 'C103191', 36, '31.20'),
(100149, 'C103371', 49, '39.87'),
(100149, 'C103432', 26, '38.57'),
(100149, 'C103856', 20, '90.57'),
(100150, 'C104048', 45, '182.16'),
(100150, 'C104620', 20, '121.15'),
(100150, 'B100374', 30, '135.30'),
(100150, 'B100226', 34, '95.67'),
(100150, 'B100446', 47, '93.21'),
(100150, 'B100413', 30, '56.21'),
(100150, 'C102824', 26, '97.39'),
(100150, 'B100167', 49, '111.39'),
(100150, 'C109491', 30, '47.29'),
(100150, 'B100216', 49, '62.05'),
(100150, 'B100498', 20, '95.08'),
(100151, 'C104757', 24, '114.95'),
(100151, 'C104962', 43, '152.27'),
(100151, 'C101099', 49, '106.78'),
(100151, 'C101108', 39, '58.34'),
(100151, 'B100823', 21, '167.65'),
(100151, 'C103148', 42, '109.90'),
(100151, 'C103380', 30, '29.35'),
(100151, 'C103891', 27, '84.75'),
(100151, 'C103990', 41, '43.29'),
(100151, 'C104675', 26, '108.81'),
(100152, 'C101129', 35, '117.77'),
(100152, 'C101589', 25, '49.13'),
(100152, 'C101889', 23, '112.37'),
(100152, 'C101984', 33, '57.17'),
(100153, 'C102238', 20, '201.57'),
(100153, 'B100625', 42, '128.42'),
(100153, 'C102870', 49, '155.72'),
(100153, 'C103232', 31, '125.66'),
(100153, 'C103233', 29, '82.69'),
(100153, 'C103278', 22, '82.50'),
(100153, 'C103482', 40, '111.83'),
(100153, 'C103685', 31, '53.31'),
(100153, 'B100372', 43, '58.00'),
(100153, 'C104027', 31, '80.55'),
(100153, 'C104721', 50, '87.15'),
(100153, 'C104933', 20, '85.41'),
(100153, 'C101046', 50, '51.87'),
(100154, 'C101444', 31, '75.23'),
(100154, 'B100578', 36, '59.27'),
(100155, 'C101628', 32, '129.20'),
(100155, 'B100233', 38, '138.77'),
(100155, 'B100360', 44, '83.44'),
(100155, 'C102766', 29, '105.87'),
(100155, 'C102840', 23, '62.34'),
(100155, 'C102887', 34, '56.55'),
(100155, 'C102972', 37, '76.31'),
(100155, 'C103191', 44, '58.69'),
(100155, 'C103371', 32, '89.61'),
(100155, 'C103432', 20, '87.75'),
(100155, 'C103856', 43, '76.80'),
(100155, 'C104048', 44, '70.33'),
(100155, 'C104620', 34, '49.16'),
(100156, 'B100374', 20, '43.64'),
(100156, 'B100226', 48, '77.64'),
(100157, 'B100446', 33, '69.27'),
(100157, 'B100413', 40, '89.72'),
(100157, 'C102824', 33, '66.65'),
(100157, 'B100167', 34, '83.91'),
(100157, 'C109491', 28, '56.41'),
(100157, 'B100216', 48, '109.16'),
(100158, 'B100498', 22, '67.79'),
(100159, 'C104757', 49, '81.35'),
(100159, 'C104962', 37, '1001.10'),
(100159, 'C101099', 22, '170.42'),
(100159, 'C101108', 41, '188.73'),
(100159, 'B100823', 38, '131.04'),
(100159, 'C103148', 24, '67.03'),
(100159, 'C103380', 42, '51.48'),
(100159, 'C103891', 21, '66.74'),
(100159, 'C103990', 25, '129.35'),
(100159, 'C104675', 21, '54.71'),
(100159, 'C101129', 32, '142.85'),
(100159, 'C101589', 44, '100.30'),
(100159, 'C101889', 27, '67.18'),
(100159, 'C101984', 50, '49.60'),
(100159, 'C102238', 23, '80.84'),
(100159, 'B100625', 35, '39.43'),
(100159, 'C102870', 23, '86.74'),
(100159, 'C103232', 31, '78.11'),
(100160, 'C103233', 46, '96.30'),
(100160, 'C103278', 50, '93.28'),
(100160, 'C103482', 38, '70.84'),
(100160, 'C103685', 20, '140.55'),
(100160, 'B100372', 42, '30.59'),
(100160, 'C104027', 35, '130.60'),
(100161, 'C104721', 28, '121.72'),
(100161, 'C104933', 43, '1002.04'),
(100161, 'C101046', 48, '139.41'),
(100161, 'C101444', 23, '125.40'),
(100161, 'B100578', 36, '132.80'),
(100161, 'C101628', 25, '62.72'),
(100161, 'B100233', 37, '73.49'),
(100161, 'B100360', 23, '47.29'),
(100161, 'C102766', 20, '82.69'),
(100161, 'C102840', 25, '108.04'),
(100161, 'C102887', 20, '72.77'),
(100161, 'C102972', 30, '94.23'),
(100162, 'C103191', 48, '87.33'),
(100162, 'C103371', 45, '45.28'),
(100162, 'C103432', 29, '141.10'),
(100162, 'C103856', 27, '53.28'),
(100162, 'C104048', 38, '113.15'),
(100162, 'C104620', 48, '156.94'),
(100162, 'B100374', 39, '86.51'),
(100162, 'B100226', 37, '27.55'),
(100162, 'B100446', 43, '38.98'),
(100162, 'B100413', 37, '32.82'),
(100163, 'C102824', 21, '212.16'),
(100163, 'B100167', 31, '1001.31'),
(100163, 'C109491', 48, '59.96'),
(100163, 'B100216', 40, '1001.58'),
(100163, 'B100498', 43, '80.36'),
(100163, 'C104757', 42, '96.42'),
(100164, 'C104962', 21, '143.31'),
(100164, 'C101099', 49, '121.64'),
(100164, 'C101108', 36, '1003.84'),
(100164, 'B100823', 45, '107.76'),
(100164, 'C103148', 25, '46.29'),
(100164, 'C103380', 24, '91.49'),
(100164, 'C103891', 49, '57.53'),
(100164, 'C103990', 39, '86.99'),
(100165, 'C104675', 44, '168.32'),
(100165, 'C101129', 34, '123.89'),
(100165, 'C101589', 27, '152.26'),
(100165, 'C101889', 48, '109.02'),
(100165, 'C101984', 29, '134.26'),
(100165, 'C102238', 46, '120.28'),
(100165, 'B100625', 31, '60.77'),
(100165, 'C102870', 47, '154.10'),
(100165, 'C103232', 50, '84.71'),
(100165, 'C103233', 28, '123.51'),
(100165, 'C103278', 25, '46.82'),
(100165, 'C103482', 32, '117.57'),
(100165, 'C103685', 27, '31.12'),
(100165, 'B100372', 24, '106.45'),
(100165, 'C104027', 48, '50.86'),
(100165, 'C104721', 44, '55.30'),
(100165, 'C104933', 48, '106.49'),
(100165, 'C101046', 38, '49.21'),
(100166, 'C101444', 43, '136.59'),
(100166, 'B100578', 26, '72.85'),
(100166, 'C101628', 29, '76.22'),
(100167, 'B100233', 44, '123.76'),
(100167, 'B100360', 43, '141.92'),
(100167, 'C102766', 46, '69.68'),
(100167, 'C102840', 34, '84.70'),
(100167, 'C102887', 33, '110.60'),
(100167, 'C102972', 21, '54.81'),
(100167, 'C103191', 20, '77.00'),
(100167, 'C103371', 32, '64.44'),
(100167, 'C103432', 29, '73.80'),
(100167, 'C103856', 43, '66.00'),
(100167, 'C104048', 29, '87.80'),
(100167, 'C104620', 46, '62.16'),
(100167, 'B100374', 24, '85.14'),
(100167, 'B100226', 28, '83.42'),
(100167, 'B100446', 40, '42.71'),
(100167, 'B100413', 38, '43.68'),
(100168, 'C102824', 36, '94.74'),
(100168, 'B100167', 27, '97.53'),
(100168, 'C109491', 20, '160.74'),
(100168, 'B100216', 21, '75.19'),
(100168, 'B100498', 46, '49.06'),
(100168, 'C104757', 50, '1003.68'),
(100168, 'C104962', 49, '93.01'),
(100168, 'C101099', 29, '72.36'),
(100168, 'C101108', 27, '57.32'),
(100168, 'B100823', 48, '68.10'),
(100168, 'C103148', 28, '89.90'),
(100168, 'C103380', 31, '57.78'),
(100168, 'C103891', 48, '39.71'),
(100168, 'C103990', 28, '91.34'),
(100168, 'C104675', 31, '87.75'),
(100168, 'C101129', 36, '94.92'),
(100168, 'C101589', 48, '72.00'),
(100168, 'C101889', 39, '67.37'),
(100169, 'C101984', 30, '163.44'),
(100169, 'C102238', 35, '126.52'),
(100169, 'B100625', 36, '71.82'),
(100169, 'C102870', 32, '65.13'),
(100169, 'C103232', 36, '136.70'),
(100169, 'C103233', 38, '52.84'),
(100169, 'C103278', 33, '120.53'),
(100169, 'C103482', 38, '66.49'),
(100169, 'C103685', 34, '53.27'),
(100169, 'B100372', 24, '77.61'),
(100169, 'C104027', 26, '37.01'),
(100169, 'C104721', 34, '83.68'),
(100169, 'C104933', 48, '75.66'),
(100170, 'C101046', 47, '116.27'),
(100170, 'C101444', 41, '93.28'),
(100170, 'B100578', 20, '70.07'),
(100170, 'C101628', 34, '130.60'),
(100171, 'B100233', 35, '134.46'),
(100171, 'B100360', 35, '128.03'),
(100171, 'C102766', 39, '165.95'),
(100171, 'C102840', 36, '34.74'),
(100172, 'C102887', 42, '109.51'),
(100172, 'C102972', 39, '117.48'),
(100172, 'C103191', 48, '139.87'),
(100172, 'C103371', 32, '61.00'),
(100172, 'C103432', 34, '43.27'),
(100172, 'C103856', 22, '79.97'),
(100172, 'C104048', 24, '77.91'),
(100172, 'C104620', 22, '87.81'),
(100173, 'B100374', 43, '1001.71'),
(100173, 'B100226', 48, '51.75'),
(100173, 'B100446', 24, '168.30'),
(100173, 'B100413', 26, '55.09'),
(100173, 'C102824', 31, '127.13'),
(100173, 'B100167', 22, '140.06'),
(100173, 'C109491', 28, '56.84'),
(100173, 'B100216', 31, '86.92'),
(100173, 'B100498', 29, '90.28'),
(100173, 'C104757', 21, '77.31'),
(100173, 'C104962', 39, '58.44'),
(100173, 'C101099', 31, '29.87'),
(100173, 'C101108', 27, '39.42'),
(100173, 'B100823', 23, '98.65'),
(100173, 'C103148', 35, '35.70'),
(100173, 'C103380', 22, '93.49'),
(100174, 'C103891', 34, '207.87'),
(100174, 'C103990', 43, '113.44'),
(100174, 'C104675', 48, '108.50'),
(100174, 'C101129', 46, '100.30'),
(100174, 'C101589', 49, '44.27'),
(100175, 'C101889', 33, '119.67'),
(100175, 'C101984', 26, '109.02'),
(100175, 'C102238', 48, '1001.87'),
(100175, 'B100625', 41, '59.55'),
(100175, 'C102870', 29, '150.71'),
(100175, 'C103232', 47, '1002.92'),
(100175, 'C103233', 28, '121.40'),
(100175, 'C103278', 37, '32.18'),
(100175, 'C103482', 22, '89.57'),
(100175, 'C103685', 50, '50.86'),
(100175, 'B100372', 29, '56.24'),
(100175, 'C104027', 42, '80.92'),
(100176, 'C104721', 33, '166.24'),
(100176, 'C104933', 47, '145.04'),
(100176, 'C101046', 50, '160.91'),
(100176, 'C101444', 20, '139.17'),
(100176, 'B100578', 36, '140.75'),
(100176, 'C101628', 27, '55.49'),
(100176, 'B100233', 29, '1001.72'),
(100176, 'B100360', 22, '62.14'),
(100176, 'C102766', 23, '109.96'),
(100176, 'C102840', 38, '52.14'),
(100177, 'C102887', 23, '113.37'),
(100177, 'C102972', 29, '92.77'),
(100177, 'C103191', 35, '82.50'),
(100177, 'C103371', 50, '115.52'),
(100177, 'C103432', 45, '79.66'),
(100177, 'C103856', 24, '58.67'),
(100177, 'C104048', 31, '77.95'),
(100177, 'C104620', 32, '64.33'),
(100177, 'B100374', 44, '88.15'),
(100177, 'B100226', 24, '83.42'),
(100177, 'B100446', 40, '52.96'),
(100178, 'B100413', 24, '131.92'),
(100178, 'C102824', 42, '127.73'),
(100178, 'B100167', 41, '70.54'),
(100178, 'C109491', 48, '1004.81'),
(100178, 'B100216', 34, '67.82'),
(100178, 'B100498', 27, '65.75'),
(100178, 'C104757', 21, '68.77'),
(100178, 'C104962', 30, '64.15'),
(100178, 'C101099', 34, '86.90'),
(100178, 'C101108', 22, '91.74'),
(100178, 'B100823', 45, '68.11'),
(100178, 'C103148', 45, '41.71'),
(100179, 'C103380', 24, '82.79'),
(100179, 'C103891', 47, '105.04'),
(100179, 'C103990', 27, '66.65'),
(100179, 'C104675', 45, '86.90'),
(100179, 'C101129', 24, '63.97'),
(100179, 'C101589', 34, '43.20'),
(100179, 'C101889', 23, '75.81'),
(100179, 'C101984', 25, '98.48'),
(100179, 'C102238', 39, '80.00'),
(100180, 'B100625', 29, '76.56'),
(100180, 'C102870', 42, '99.91'),
(100180, 'C103232', 41, '164.61'),
(100180, 'C103233', 40, '131.04'),
(100180, 'C103278', 25, '48.46'),
(100180, 'C103482', 21, '59.06'),
(100180, 'C103685', 44, '147.31'),
(100180, 'B100372', 48, '98.05'),
(100180, 'C104027', 28, '61.70'),
(100180, 'C104721', 35, '60.95'),
(100180, 'C104933', 28, '68.71'),
(100180, 'C101046', 34, '33.39'),
(100180, 'C101444', 22, '1002.05'),
(100180, 'B100578', 21, '74.85'),
(100181, 'C101628', 27, '155.66'),
(100181, 'B100233', 28, '113.92'),
(100181, 'B100360', 20, '67.03'),
(100181, 'C102766', 36, '107.10'),
(100181, 'C102840', 44, '124.56'),
(100181, 'C102887', 42, '124.44'),
(100181, 'C102972', 22, '74.69'),
(100181, 'C103191', 21, '129.45'),
(100181, 'C103371', 27, '130.68'),
(100181, 'C103432', 45, '147.33'),
(100181, 'C103856', 30, '73.17'),
(100181, 'C104048', 22, '120.53'),
(100181, 'C104620', 39, '137.04'),
(100181, 'B100374', 34, '45.28'),
(100181, 'B100226', 37, '32.85'),
(100181, 'B100446', 23, '54.49'),
(100181, 'B100413', 25, '122.17'),
(100182, 'C102824', 25, '83.22'),
(100182, 'B100167', 32, '44.21'),
(100182, 'C109491', 44, '159.80'),
(100182, 'B100216', 38, '54.49'),
(100182, 'B100498', 20, '105.52'),
(100182, 'C104757', 21, '135.00'),
(100182, 'C104962', 33, '86.31'),
(100182, 'C101099', 36, '88.35'),
(100182, 'C101108', 44, '61.29'),
(100182, 'B100823', 47, '63.20'),
(100182, 'C103148', 39, '31.86'),
(100182, 'C103380', 31, '39.87'),
(100182, 'C103891', 36, '87.24'),
(100182, 'C103990', 20, '116.27'),
(100182, 'C104675', 33, '73.62'),
(100182, 'C101129', 49, '95.30'),
(100182, 'C101589', 23, '34.88'),
(100183, 'C101889', 23, '180.01'),
(100183, 'C101984', 28, '127.06'),
(100183, 'C102238', 41, '114.80'),
(100183, 'B100625', 21, '108.50'),
(100183, 'C102870', 37, '91.18'),
(100183, 'C103232', 39, '51.22'),
(100183, 'C103233', 22, '90.06'),
(100183, 'C103278', 21, '118.66'),
(100183, 'C103482', 40, '42.26'),
(100183, 'C103685', 47, '81.81'),
(100183, 'B100372', 49, '52.36'),
(100183, 'C104027', 23, '85.98'),
(100184, 'C104721', 37, '105.47'),
(100184, 'C104933', 46, '145.72'),
(100184, 'C101046', 46, '119.05'),
(100184, 'C101444', 44, '60.77'),
(100184, 'B100578', 28, '165.95'),
(100184, 'C101628', 31, '57.22'),
(100184, 'B100233', 24, '117.57'),
(100184, 'B100360', 42, '30.06'),
(100184, 'C102766', 49, '114.73'),
(100184, 'C102840', 46, '84.75'),
(100184, 'C102887', 33, '52.49'),
(100184, 'C102972', 48, '59.03'),
(100184, 'C103191', 45, '92.60'),
(100185, 'C103371', 21, '195.33'),
(100185, 'C103432', 33, '146.55'),
(100185, 'C103856', 43, '147.07'),
(100185, 'C104048', 28, '124.30'),
(100185, 'C104620', 49, '94.79'),
(100185, 'B100374', 39, '127.82'),
(100185, 'B100226', 47, '87.77'),
(100185, 'B100446', 30, '105.69'),
(100185, 'B100413', 33, '83.20'),
(100185, 'C102824', 20, '46.86'),
(100185, 'B100167', 21, '64.67'),
(100185, 'C109491', 30, '79.68'),
(100185, 'B100216', 39, '61.44'),
(100185, 'B100498', 37, '99.17'),
(100185, 'C104757', 22, '93.35'),
(100185, 'C104962', 28, '47.50'),
(100186, 'C101099', 26, '108.80'),
(100186, 'C101108', 32, '137.19'),
(100186, 'B100823', 32, '73.12'),
(100186, 'C103148', 46, '98.46'),
(100186, 'C103380', 22, '60.29'),
(100186, 'C103891', 21, '59.83'),
(100186, 'C103990', 36, '68.77'),
(100186, 'C104675', 24, '80.56'),
(100186, 'C101129', 28, '42.71'),
(100187, 'C101589', 45, '70.12'),
(100187, 'C101889', 46, '96.29'),
(100187, 'C101984', 43, '55.96'),
(100187, 'C102238', 33, '64.48'),
(100187, 'B100625', 31, '61.22'),
(100187, 'C102870', 41, '39.71'),
(100187, 'C103232', 34, '84.95'),
(100187, 'C103233', 44, '95.73'),
(100187, 'C103278', 34, '72.00'),
(100187, 'C103482', 44, '70.33'),
(100188, 'C103685', 48, '95.70'),
(100188, 'B100372', 38, '111.80'),
(100188, 'C104027', 45, '182.04'),
(100188, 'C104721', 32, '52.09'),
(100188, 'C104933', 25, '95.80'),
(100188, 'C101046', 40, '61.70'),
(100188, 'C101444', 44, '81.91'),
(100188, 'B100578', 29, '96.11'),
(100189, 'C101628', 28, '138.57'),
(100190, 'B100233', 42, '58.87'),
(100190, 'B100360', 46, '38.62'),
(100190, 'C102766', 42, '89.80'),
(100190, 'C102840', 40, '67.53'),
(100191, 'C102887', 21, '155.66'),
(100191, 'C102972', 40, '1004.52'),
(100191, 'C103191', 30, '70.22'),
(100191, 'C103371', 36, '75.59'),
(100191, 'C103432', 23, '119.06'),
(100191, 'C103856', 43, '60.93'),
(100191, 'C104048', 32, '136.90'),
(100191, 'C104620', 48, '53.27'),
(100191, 'B100374', 44, '77.61'),
(100192, 'B100226', 27, '99.04'),
(100192, 'B100446', 22, '140.12'),
(100192, 'B100413', 29, '100.80'),
(100192, 'C102824', 45, '70.84'),
(100192, 'B100167', 47, '128.03'),
(100192, 'C109491', 38, '110.88'),
(100192, 'B100216', 26, '137.17'),
(100192, 'B100498', 45, '125.74'),
(100192, 'C104757', 37, '72.02'),
(100192, 'C104962', 47, '49.30'),
(100192, 'C101099', 46, '86.33'),
(100192, 'C101108', 23, '112.74'),
(100192, 'B100823', 30, '33.23'),
(100192, 'C103148', 32, '69.34'),
(100192, 'C103380', 46, '93.16'),
(100192, 'C103891', 45, '112.34'),
(100193, 'C103990', 28, '92.47'),
(100193, 'C104675', 46, '46.36'),
(100193, 'C101129', 21, '153.00'),
(100193, 'C101589', 42, '60.54'),
(100193, 'C101889', 44, '115.69'),
(100193, 'C101984', 22, '143.44'),
(100193, 'C102238', 28, '87.13'),
(100193, 'B100625', 24, '53.09'),
(100193, 'C102870', 23, '97.39'),
(100193, 'C103232', 32, '79.37'),
(100193, 'C103233', 24, '92.03'),
(100193, 'C103278', 25, '66.28'),
(100193, 'C103482', 26, '32.19'),
(100193, 'C103685', 20, '44.80'),
(100193, 'B100372', 22, '38.16'),
(100193, 'C104027', 20, '92.52'),
(100194, 'C104721', 42, '203.59'),
(100194, 'C104933', 26, '134.44'),
(100194, 'C101046', 38, '124.37'),
(100194, 'C101444', 21, '1003.84'),
(100194, 'B100578', 45, '51.05'),
(100194, 'C101628', 32, '113.82'),
(100194, 'B100233', 41, '47.79'),
(100194, 'B100360', 49, '112.46'),
(100194, 'C102766', 37, '77.05'),
(100194, 'C102840', 39, '61.41'),
(100194, 'C102887', 26, '80.92'),
(100195, 'C102972', 49, '118.50'),
(100195, 'C103191', 27, '139.17'),
(100195, 'C103371', 35, '112.91'),
(100195, 'C103432', 50, '150.71'),
(100195, 'C103856', 44, '54.33'),
(100195, 'C104048', 32, '31.82'),
(100195, 'C104620', 34, '95.81'),
(100195, 'B100374', 32, '51.95'),
(100195, 'B100226', 33, '59.03'),
(100195, 'B100446', 49, '97.23'),
(100196, 'B100413', 47, '203.64'),
(100196, 'C102824', 24, '151.08'),
(100196, 'B100167', 38, '147.07'),
(100196, 'C109491', 49, '127.03'),
(100196, 'B100216', 35, '81.68'),
(100196, 'B100498', 27, '126.39'),
(100196, 'C104757', 46, '56.82'),
(100196, 'C104962', 50, '84.88'),
(100197, 'C101099', 45, '118.32'),
(100197, 'C101108', 46, '83.44'),
(100197, 'B100823', 22, '85.75'),
(100197, 'C103148', 50, '78.99'),
(100197, 'C103380', 41, '109.37'),
(100197, 'C103891', 47, '83.20'),
(100197, 'C103990', 22, '67.93'),
(100197, 'C104675', 23, '60.00'),
(100197, 'C101129', 24, '78.75'),
(100197, 'C101589', 50, '66.50'),
(100197, 'C101889', 27, '100.17'),
(100197, 'C101984', 35, '88.39'),
(100197, 'C102238', 29, '39.73'),
(100197, 'B100625', 42, '48.59'),
(100198, 'C102870', 42, '149.81'),
(100198, 'C103232', 48, '60.97'),
(100198, 'C103233', 27, '61.81'),
(100198, 'C103278', 43, '65.51'),
(100198, 'C103482', 42, '94.73'),
(100198, 'C103685', 40, '74.03'),
(100199, 'B100372', 29, '37.97'),
(100199, 'C104027', 48, '81.29'),
(100199, 'C104721', 38, '70.40'),
(100200, 'C104933', 28, '74.34'),
(100200, 'C101046', 33, '99.57'),
(100200, 'C101444', 39, '70.28'),
(100200, 'B100578', 35, '80.91'),
(100200, 'C101628', 27, '65.35'),
(100200, 'B100233', 39, '115.09'),
(100201, 'B100360', 22, '82.30'),
(100201, 'C102766', 24, '116.56'),
(100201, 'C102840', 49, '191.72'),
(100201, 'C102887', 25, '126.52'),
(100201, 'C102972', 30, '48.46'),
(100201, 'C103191', 39, '93.54'),
(100201, 'C103371', 25, '66.27'),
(100202, 'C103432', 30, '55.33'),
(100202, 'C103856', 43, '124.99'),
(100202, 'C104048', 50, '56.10'),
(100202, 'C104620', 50, '75.18'),
(100202, 'B100374', 27, '33.39'),
(100202, 'B100226', 31, '81.64'),
(100202, 'B100446', 40, '79.73'),
(100203, 'B100413', 20, '161.49'),
(100203, 'C102824', 20, '111.57'),
(100203, 'B100167', 44, '63.84'),
(100203, 'C109491', 47, '115.16'),
(100203, 'B100216', 45, '73.15'),
(100203, 'B100498', 48, '157.49'),
(100203, 'C104757', 33, '66.74'),
(100203, 'C104962', 32, '127.88'),
(100203, 'C101099', 21, '33.23'),
(100203, 'C101108', 34, '56.94'),
(100203, 'B100823', 47, '140.43'),
(100204, 'C103148', 42, '114.65'),
(100204, 'C103380', 40, '113.24'),
(100204, 'C103891', 33, '153.00'),
(100204, 'C103990', 38, '133.72'),
(100204, 'C104675', 23, '59.33'),
(100204, 'C101129', 26, '119.50'),
(100204, 'C101589', 27, '106.92'),
(100204, 'C101889', 35, '132.80'),
(100204, 'C101984', 29, '83.75'),
(100204, 'C102238', 45, '69.84'),
(100204, 'B100625', 20, '69.82'),
(100204, 'C102870', 45, '46.79'),
(100204, 'C103232', 47, '79.06'),
(100204, 'C103233', 42, '112.74'),
(100204, 'C103278', 40, '84.75'),
(100204, 'C103482', 48, '1004.94'),
(100204, 'C103685', 39, '34.88'),
(100205, 'B100372', 36, '98.63'),
(100205, 'C104027', 48, '45.82'),
(100205, 'C104721', 40, '138.38'),
(100205, 'C104933', 32, '27.88'),
(100205, 'C101046', 24, '36.74'),
(100206, 'C101444', 47, '203.59'),
(100206, 'B100578', 28, '109.34'),
(100206, 'C101628', 34, '115.50'),
(100206, 'B100233', 37, '98.27'),
(100206, 'B100360', 28, '51.84'),
(100206, 'C102766', 30, '1002.63'),
(100206, 'C102840', 28, '99.21'),
(100206, 'C102887', 21, '45.78'),
(100206, 'C102972', 33, '95.44'),
(100206, 'C103191', 36, '54.94'),
(100206, 'C103371', 33, '89.01'),
(100207, 'C103432', 31, '125.58'),
(100207, 'C103856', 34, '95.99'),
(100207, 'C104048', 44, '140.81'),
(100207, 'C104620', 43, '109.23'),
(100207, 'B100374', 37, '60.77'),
(100207, 'B100226', 25, '140.55'),
(100207, 'B100446', 40, '143.62'),
(100207, 'B100413', 47, '119.87'),
(100207, 'C102824', 49, '57.80'),
(100207, 'B100167', 46, '127.79'),
(100207, 'C109491', 42, '30.76'),
(100207, 'B100216', 28, '108.82'),
(100207, 'B100498', 49, '84.75'),
(100207, 'C104757', 27, '51.95'),
(100207, 'C104962', 45, '55.30'),
(100207, 'C101099', 28, '106.49'),
(100208, 'C101108', 46, '176.63'),
(100208, 'B100823', 26, '128.42'),
(100208, 'C103148', 20, '152.26'),
(100208, 'C103380', 24, '117.47'),
(100208, 'C103891', 48, '96.81'),
(100208, 'C103990', 45, '72.85'),
(100208, 'C104675', 35, '122.89'),
(100208, 'C101129', 20, '80.54'),
(100208, 'C101589', 30, '57.99'),
(100208, 'C101889', 38, '56.67'),
(100208, 'C101984', 40, '73.62'),
(100208, 'C102238', 46, '63.61'),
(100208, 'B100625', 37, '95.16'),
(100208, 'C102870', 33, '95.34'),
(100208, 'C103232', 42, '48.05'),
(100209, 'C103233', 39, '129.20'),
(100209, 'C103278', 28, '82.58'),
(100209, 'C103482', 20, '97.40'),
(100209, 'C103685', 43, '66.45'),
(100209, 'B100372', 36, '56.55'),
(100209, 'C104027', 22, '79.67'),
(100209, 'C104721', 33, '90.52'),
(100209, 'C104933', 48, '44.20'),
(100210, 'C101046', 23, '112.99'),
(100210, 'C101444', 34, '189.79'),
(100210, 'B100578', 31, '141.92'),
(100210, 'C101628', 50, '68.43'),
(100210, 'B100233', 40, '51.48'),
(100210, 'B100360', 27, '100.67'),
(100210, 'C102766', 30, '63.22'),
(100210, 'C102840', 29, '56.64'),
(100210, 'C102887', 40, '68.10'),
(100210, 'C102972', 46, '84.91'),
(100210, 'C103191', 39, '57.10'),
(100210, 'C103371', 43, '43.20'),
(100210, 'C103432', 21, '87.69'),
(100210, 'C103856', 26, '93.74'),
(100210, 'C104048', 25, '98.48'),
(100210, 'C104620', 31, '64.00'),
(100210, 'B100374', 42, '60.70'),
(100211, 'B100226', 41, '90.92'),
(100211, 'B100446', 41, '171.22'),
(100211, 'B100413', 36, '126.52'),
(100211, 'C102824', 28, '79.80'),
(100211, 'B100167', 35, '73.17'),
(100211, 'C109491', 28, '138.17'),
(100211, 'B100216', 46, '60.30'),
(100211, 'B100498', 41, '148.80'),
(100211, 'C104757', 25, '109.32'),
(100211, 'C104962', 21, '62.33'),
(100211, 'C101099', 48, '52.66'),
(100211, 'C101108', 22, '80.84'),
(100211, 'B100823', 41, '39.83'),
(100211, 'C103148', 37, '94.91'),
(100211, 'C103380', 40, '70.78'),
(100212, 'C103891', 39, '99.82'),
(100212, 'C103990', 33, '110.55'),
(100212, 'C104675', 29, '117.48'),
(100212, 'C101129', 38, '105.77'),
(100212, 'C101589', 20, '64.68'),
(100212, 'C101889', 41, '133.72'),
(100212, 'C101984', 40, '117.48'),
(100212, 'C102238', 40, '155.79'),
(100212, 'B100625', 45, '115.85'),
(100212, 'C102870', 41, '61.73'),
(100212, 'C103232', 45, '43.27'),
(100212, 'C103233', 45, '81.78'),
(100212, 'C103278', 34, '37.38'),
(100212, 'C103482', 27, '77.91'),
(100212, 'C103685', 46, '100.66'),
(100212, 'B100372', 49, '117.96'),
(100213, 'C104027', 38, '84.67'),
(100213, 'C104721', 25, '58.44'),
(100213, 'C104933', 27, '97.48'),
(100214, 'C101046', 30, '166.60'),
(100214, 'C101444', 21, '53.28'),
(100214, 'B100578', 27, '125.86'),
(100214, 'C101628', 50, '167.06'),
(100214, 'B100233', 20, '32.19'),
(100214, 'B100360', 49, '39.87'),
(100214, 'C102766', 44, '38.57'),
(100215, 'C102840', 35, '205.73'),
(100215, 'C102887', 46, '100.34'),
(100215, 'C102972', 27, '92.47'),
(100215, 'C103191', 33, '53.91'),
(100215, 'C103371', 49, '97.26'),
(100215, 'C103432', 31, '56.21'),
(100215, 'C103856', 49, '89.01'),
(100215, 'C104048', 41, '84.33'),
(100215, 'C104620', 46, '42.76'),
(100215, 'B100374', 39, '94.47'),
(100216, 'B100226', 43, '133.94'),
(100217, 'B100446', 48, '132.97'),
(100217, 'B100413', 35, '58.34'),
(100217, 'C102824', 38, '118.66'),
(100217, 'B100167', 28, '1003.51'),
(100217, 'C109491', 21, '78.97'),
(100217, 'B100216', 39, '56.24'),
(100217, 'B100498', 31, '90.02'),
(100218, 'C104757', 22, '110.46'),
(100218, 'C104962', 34, '152.41'),
(100219, 'C101099', 48, '94.80'),
(100219, 'C101108', 43, '132.62'),
(100219, 'B100823', 21, '31.12'),
(100219, 'C103148', 35, '47.62'),
(100220, 'C103380', 32, '189.10'),
(100220, 'C103891', 30, '151.08'),
(100220, 'C103990', 27, '166.10'),
(100220, 'C104675', 50, '126.39'),
(100220, 'C101129', 26, '48.55'),
(100220, 'C101589', 37, '1001.72'),
(100220, 'C101889', 20, '49.71'),
(100220, 'C101984', 37, '92.60'),
(100220, 'C102238', 30, '56.82'),
(100221, 'B100625', 33, '133.86'),
(100221, 'C102870', 23, '89.75'),
(100221, 'C103232', 39, '84.26'),
(100221, 'C103233', 49, '113.06'),
(100221, 'C103278', 23, '69.29'),
(100222, 'C103482', 49, '133.28'),
(100222, 'C103685', 49, '137.19'),
(100222, 'B100372', 49, '79.14'),
(100222, 'C104027', 45, '88.93'),
(100222, 'C104721', 32, '56.86'),
(100222, 'C104933', 47, '74.35'),
(100222, 'C101046', 43, '61.15'),
(100222, 'C101444', 46, '77.99'),
(100222, 'B100578', 48, '55.27'),
(100222, 'C101628', 31, '58.67'),
(100222, 'B100233', 26, '80.56'),
(100222, 'B100360', 37, '90.75'),
(100222, 'C102766', 36, '69.39'),
(100222, 'C102840', 38, '84.14'),
(100222, 'C102887', 31, '81.43'),
(100222, 'C102972', 43, '66.63'),
(100222, 'C103191', 31, '45.19'),
(100222, 'C103371', 36, '48.59'),
(100223, 'C103432', 37, '80.39'),
(100223, 'C103856', 47, '110.61'),
(100223, 'C104048', 49, '189.79'),
(100223, 'C104620', 47, '67.58'),
(100223, 'B100374', 28, '58.75'),
(100223, 'B100226', 32, '1004.81'),
(100223, 'B100446', 34, '87.54'),
(100223, 'B100413', 38, '60.94'),
(100223, 'C102824', 23, '68.10'),
(100223, 'B100167', 21, '90.90'),
(100223, 'C109491', 20, '66.73'),
(100223, 'B100216', 41, '41.02'),
(100223, 'B100498', 25, '84.03'),
(100223, 'C104757', 29, '113.90'),
(100223, 'C104962', 26, '79.20'),
(100224, 'C101099', 43, '141.58'),
(100224, 'C101108', 38, '57.20'),
(100224, 'B100823', 37, '60.26'),
(100224, 'C103148', 43, '37.01'),
(100224, 'C103380', 30, '94.91'),
(100224, 'C103891', 50, '81.36'),
(100225, 'C103990', 27, '157.60'),
(100225, 'C104675', 25, '1001.00'),
(100225, 'C101129', 37, '64.64'),
(100225, 'C101589', 21, '100.19'),
(100225, 'C101889', 32, '116.06'),
(100225, 'C101984', 47, '71.61'),
(100225, 'C102238', 43, '162.57'),
(100225, 'B100625', 37, '69.96'),
(100225, 'C102870', 27, '119.06'),
(100225, 'C103232', 35, '135.41'),
(100225, 'C103233', 42, '34.74'),
(100225, 'C103278', 24, '51.43'),
(100225, 'C103482', 40, '130.60'),
(100225, 'C103685', 46, '77.61'),
(100226, 'B100372', 38, '108.26'),
(100226, 'C104027', 24, '129.45'),
(100226, 'C104721', 24, '125.40'),
(100226, 'C104933', 46, '122.91'),
(100226, 'C101046', 21, '65.41'),
(100226, 'C101444', 36, '47.79'),
(100226, 'B100578', 48, '95.30'),
(100227, 'C101628', 25, '85.27'),
(100227, 'B100233', 31, '50.14'),
(100227, 'B100360', 26, '136.00'),
(100227, 'C102766', 28, '59.93'),
(100227, 'C102840', 46, '118.23'),
(100227, 'C102887', 29, '146.81'),
(100227, 'C102972', 33, '99.21'),
(100227, 'C103191', 34, '87.43'),
(100227, 'C103371', 37, '70.56'),
(100227, 'C103432', 42, '27.22'),
(100227, 'C103856', 24, '39.42'),
(100227, 'C104048', 47, '84.51'),
(100227, 'C104620', 33, '1002.17'),
(100227, 'B100374', 40, '78.76'),
(100227, 'B100226', 27, '34.88'),
(100228, 'B100446', 29, '214.30'),
(100228, 'B100413', 32, '100.34'),
(100228, 'C102824', 24, '1001.31'),
(100228, 'B100167', 45, '57.46'),
(100228, 'C109491', 31, '100.53'),
(100228, 'B100216', 33, '84.73'),
(100229, 'B100498', 50, '138.88'),
(100229, 'C104757', 25, '110.70'),
(100229, 'C104962', 36, '95.99'),
(100229, 'C101099', 26, '1004.32'),
(100229, 'C101108', 28, '53.48'),
(100229, 'B100823', 22, '157.49'),
(100229, 'C103148', 41, '119.87'),
(100229, 'C103380', 39, '43.77'),
(100229, 'C103891', 48, '115.01'),
(100229, 'C103990', 33, '34.65'),
(100229, 'C104675', 25, '78.97'),
(100229, 'C101129', 23, '49.78'),
(100229, 'C101589', 30, '52.36'),
(100229, 'C101889', 50, '91.04'),
(100230, 'C101984', 43, '128.42'),
(100230, 'C102238', 49, '153.91'),
(100230, 'B100625', 42, '142.18'),
(100230, 'C102870', 36, '47.40'),
(100230, 'C103232', 45, '99.36'),
(100230, 'C103233', 46, '59.03'),
(100230, 'C103278', 34, '100.70'),
(100230, 'C103482', 43, '57.41'),
(100231, 'C103685', 42, '193.25'),
(100231, 'B100372', 49, '147.07'),
(100232, 'C104027', 22, '133.86'),
(100232, 'C104721', 48, '97.81'),
(100232, 'C104933', 23, '78.12'),
(100232, 'C101046', 46, '113.06'),
(100232, 'C101444', 26, '84.88'),
(100232, 'B100578', 48, '86.15'),
(100232, 'C101628', 35, '81.43'),
(100232, 'B100233', 24, '48.59'),
(100233, 'B100360', 40, '70.81'),
(100233, 'C102766', 36, '66.00'),
(100233, 'C102840', 29, '67.94'),
(100234, 'C102887', 48, '118.32'),
(100234, 'C102972', 50, '146.65'),
(100234, 'C103191', 48, '84.30'),
(100234, 'C103371', 39, '85.75'),
(100234, 'C103432', 44, '67.14'),
(100234, 'C103856', 25, '65.09'),
(100234, 'C104048', 31, '78.83'),
(100234, 'C104620', 29, '83.28'),
(100234, 'B100374', 40, '45.69'),
(100235, 'B100226', 24, '81.95'),
(100235, 'B100446', 23, '89.72'),
(100235, 'B100413', 33, '55.27'),
(100235, 'C102824', 40, '63.03'),
(100235, 'B100167', 41, '90.90'),
(100235, 'C109491', 34, '66.73'),
(100235, 'B100216', 41, '37.09'),
(100235, 'B100498', 25, '88.60'),
(100235, 'C104757', 38, '92.74'),
(100235, 'C104962', 25, '116.28'),
(100235, 'C101099', 32, '73.60'),
(100235, 'C101108', 34, '70.33'),
(100236, 'B100823', 22, '105.86'),
(100236, 'C103148', 23, '52.70'),
(100236, 'C103380', 36, '65.51'),
(100237, 'C103891', 23, '91.87'),
(100237, 'C103990', 39, '158.80'),
(100237, 'C104675', 32, '129.53'),
(100237, 'C101129', 26, '49.74'),
(100237, 'C101589', 20, '109.32'),
(100237, 'C101889', 26, '62.33'),
(100237, 'C101984', 26, '35.00'),
(100237, 'C102238', 27, '94.91'),
(100237, 'B100625', 20, '78.92'),
(100238, 'C102870', 28, '161.49'),
(100238, 'C103232', 29, '1004.52'),
(100238, 'C103233', 20, '73.42'),
(100238, 'C103278', 41, '68.35'),
(100238, 'C103482', 49, '144.05'),
(100238, 'C103685', 44, '120.53'),
(100238, 'B100372', 47, '53.88'),
(100238, 'C104027', 22, '67.91'),
(100239, 'C104721', 21, '100.19'),
(100239, 'C104933', 46, '70.07'),
(100239, 'C101046', 47, '135.47'),
(100239, 'C101444', 20, '32.47'),
(100239, 'B100578', 29, '133.41'),
(100240, 'C101628', 41, '125.97'),
(100240, 'B100233', 37, '136.56'),
(100240, 'B100360', 37, '134.22'),
(100241, 'C102766', 21, '119.46'),
(100241, 'C102840', 41, '153.00'),
(100241, 'C102887', 33, '55.70'),
(100241, 'C102972', 44, '126.72'),
(100241, 'C103191', 42, '77.31'),
(100241, 'C103371', 30, '62.72'),
(100241, 'C103432', 22, '72.02'),
(100241, 'C103856', 21, '47.29'),
(100241, 'C104048', 47, '89.05'),
(100241, 'C104620', 28, '117.44'),
(100241, 'B100374', 26, '69.34'),
(100241, 'B100226', 27, '107.08'),
(100242, 'B100446', 46, '36.52'),
(100243, 'B100413', 47, '111.87'),
(100243, 'C102824', 33, '30.87'),
(100244, 'B100167', 40, '99.66'),
(100244, 'C109491', 20, '48.52'),
(100244, 'B100216', 43, '141.75'),
(100244, 'B100498', 30, '87.13'),
(100244, 'C104757', 24, '54.96'),
(100244, 'C104962', 29, '85.87'),
(100244, 'C101099', 36, '87.30'),
(100244, 'C101108', 39, '42.11'),
(100244, 'B100823', 40, '97.39'),
(100245, 'C103148', 34, '195.01'),
(100245, 'C103380', 28, '147.74'),
(100245, 'C103891', 38, '120.27'),
(100245, 'C103990', 29, '114.34'),
(100245, 'C104675', 21, '111.39'),
(100245, 'C101129', 45, '48.80'),
(100245, 'C101589', 37, '81.86'),
(100245, 'C101889', 44, '54.94'),
(100245, 'C101984', 44, '81.93'),
(100246, 'C102238', 46, '99.54'),
(100246, 'B100625', 40, '144.08'),
(100246, 'C102870', 22, '100.64'),
(100246, 'C103232', 30, '57.73'),
(100246, 'C103233', 36, '145.63'),
(100246, 'C103278', 44, '46.24'),
(100246, 'C103482', 29, '118.84'),
(100246, 'C103685', 49, '34.65'),
(100246, 'B100372', 46, '100.54'),
(100246, 'C104027', 35, '45.45'),
(100246, 'C104721', 22, '113.44'),
(100247, 'C104933', 44, '195.33'),
(100247, 'C101046', 25, '140.50'),
(100247, 'C101444', 27, '167.83'),
(100247, 'B100578', 48, '143.62'),
(100247, 'C101628', 40, '58.41'),
(100247, 'B100233', 49, '51.55'),
(100248, 'B100360', 20, '126.48'),
(100248, 'C102766', 21, '80.86'),
(100248, 'C102840', 32, '133.86'),
(100248, 'C102887', 42, '95.80'),
(100248, 'C102972', 42, '87.77'),
(100248, 'C103191', 48, '122.89'),
(100248, 'C103371', 30, '85.85'),
(100248, 'C103432', 23, '83.02'),
(100248, 'C103856', 36, '66.00'),
(100248, 'C104048', 40, '81.41'),
(100248, 'C104620', 32, '69.39'),
(100248, 'B100374', 30, '84.14'),
(100248, 'B100226', 35, '92.36'),
(100248, 'B100446', 23, '53.51'),
(100249, 'B100413', 46, '88.93'),
(100249, 'C102824', 20, '54.81'),
(100249, 'B100167', 25, '65.75'),
(100249, 'C109491', 40, '85.99'),
(100249, 'B100216', 32, '49.16'),
(100250, 'B100498', 45, '148.23'),
(100250, 'C104757', 27, '84.48'),
(100250, 'C104962', 31, '95.20'),
(100250, 'C101099', 32, '63.22'),
(100250, 'C101108', 40, '61.42'),
(100250, 'B100823', 37, '72.45'),
(100250, 'C103148', 31, '99.89'),
(100250, 'C103380', 50, '62.60'),
(100250, 'C103891', 36, '36.66'),
(100250, 'C103990', 31, '91.34'),
(100250, 'C104675', 35, '90.75'),
(100250, 'C101129', 44, '98.48'),
(100250, 'C101589', 44, '76.00'),
(100250, 'C101889', 38, '65.89'),
(100251, 'C101984', 59, '93.79'),
(100251, 'C102238', 44, '115.37'),
(100251, 'B100625', 43, '172.36'),
(100251, 'C102870', 46, '129.53'),
(100251, 'C103232', 44, '58.15'),
(100251, 'C103233', 50, '91.29'),
(100252, 'C103278', 20, '74.78'),
(100252, 'C103482', 41, '145.52'),
(100252, 'C103685', 31, '50.36'),
(100252, 'B100372', 26, '127.97'),
(100252, 'C104027', 47, '63.03'),
(100252, 'C104721', 38, '69.52'),
(100252, 'C104933', 36, '36.21'),
(100252, 'C101046', 25, '93.89'),
(100252, 'C101444', 48, '72.41'),
(100253, 'B100578', 24, '157.60'),
(100253, 'C101628', 22, '1002.17'),
(100253, 'B100233', 25, '67.03'),
(100253, 'B100360', 41, '109.40'),
(100253, 'C102766', 26, '130.22'),
(100253, 'C102840', 24, '1003.29'),
(100253, 'C102887', 23, '67.76'),
(100253, 'C102972', 33, '130.87'),
(100253, 'C103191', 37, '114.84'),
(100253, 'C103371', 40, '145.63'),
(100253, 'C103432', 31, '139.87'),
(100253, 'C103856', 40, '34.74'),
(100253, 'C104048', 24, '50.82'),
(100253, 'C104620', 39, '115.15'),
(100254, 'B100374', 49, '137.70'),
(100254, 'B100226', 36, '55.09'),
(100254, 'B100446', 41, '1002.98'),
(100254, 'B100413', 34, '80.99'),
(100254, 'C102824', 30, '59.87'),
(100254, 'B100167', 34, '66.88'),
(100254, 'C109491', 32, '43.27'),
(100254, 'B100216', 38, '28.88'),
(100254, 'B100498', 31, '85.42'),
(100254, 'C104757', 33, '111.57'),
(100254, 'C104962', 42, '69.34'),
(100254, 'C101099', 49, '1001.73'),
(100254, 'C101108', 20, '39.80'),
(100255, 'B100823', 24, '135.00'),
(100255, 'C103148', 37, '37.63'),
(100256, 'C103380', 34, '93.49'),
(100256, 'C103891', 29, '52.83'),
(100257, 'C103990', 50, '92.19'),
(100257, 'C104675', 49, '59.34'),
(100257, 'C101129', 37, '83.78'),
(100257, 'C101589', 26, '91.27'),
(100257, 'C101889', 46, '81.81'),
(100258, 'C101984', 32, '177.87'),
(100258, 'C102238', 41, '133.94'),
(100258, 'B100625', 41, '113.17'),
(100258, 'C102870', 21, '49.81'),
(100258, 'C103232', 20, '62.70'),
(100258, 'C103233', 45, '86.99'),
(100259, 'C103278', 26, '121.15'),
(100259, 'C103482', 46, '117.32'),
(100259, 'C103685', 30, '134.26'),
(100259, 'B100372', 34, '120.28'),
(100259, 'C104027', 30, '59.55'),
(100259, 'C104721', 27, '152.41'),
(100259, 'C104933', 41, '107.76'),
(100259, 'C101046', 28, '46.82'),
(100259, 'C101444', 47, '121.40'),
(100259, 'B100578', 31, '31.47'),
(100259, 'C101628', 45, '95.35'),
(100259, 'B100233', 40, '45.99'),
(100259, 'B100360', 29, '105.33'),
(100260, 'C102766', 46, '180.79'),
(100260, 'C102840', 30, '140.50'),
(100260, 'C102887', 44, '169.56'),
(100260, 'C102972', 32, '121.57'),
(100260, 'C103191', 29, '92.77'),
(100260, 'C103371', 23, '137.88'),
(100260, 'C103432', 23, '117.10'),
(100260, 'C103856', 27, '55.30'),
(100260, 'C104048', 21, '56.24'),
(100260, 'C104620', 33, '80.55'),
(100261, 'B100374', 27, '116.96'),
(100261, 'B100226', 20, '80.75'),
(100261, 'B100446', 36, '105.69'),
(100261, 'B100413', 22, '79.66'),
(100261, 'C102824', 34, '64.00'),
(100261, 'B100167', 44, '58.55'),
(100261, 'C109491', 25, '89.15'),
(100261, 'B100216', 50, '88.39'),
(100261, 'B100498', 29, '43.68'),
(100262, 'C104757', 49, '157.69'),
(100262, 'C104962', 32, '81.72'),
(100262, 'C101099', 34, '85.75'),
(100262, 'C101108', 34, '98.48'),
(100262, 'B100823', 24, '63.71'),
(100262, 'C103148', 46, '65.75'),
(100262, 'C103380', 49, '82.18'),
(100262, 'C103891', 48, '58.69'),
(100262, 'C103990', 40, '63.97'),
(100262, 'C104675', 49, '35.78'),
(100262, 'C101129', 40, '87.69'),
(100262, 'C101589', 44, '83.28'),
(100262, 'C101889', 33, '81.77'),
(100262, 'C101984', 27, '64.80'),
(100262, 'C102238', 35, '64.41'),
(100262, 'B100625', 21, '41.71'),
(100263, 'C102870', 34, '89.00'),
(100263, 'C103232', 40, '107.05'),
(100263, 'C103233', 41, '193.66'),
(100263, 'C103278', 48, '123.51'),
(100263, 'C103482', 33, '67.58'),
(100263, 'C103685', 34, '50.27'),
(100263, 'B100372', 42, '109.32'),
(100263, 'C104027', 37, '67.03'),
(100263, 'C104721', 24, '59.41'),
(100263, 'C104933', 31, '93.90'),
(100263, 'C101046', 47, '117.46'),
(100264, 'C101444', 48, '58.44'),
(100264, 'B100578', 20, '124.99'),
(100264, 'C101628', 37, '61.64'),
(100264, 'B100233', 47, '75.18'),
(100264, 'B100360', 20, '39.02'),
(100264, 'C102766', 34, '100.01'),
(100264, 'C102840', 47, '67.53'),
(100265, 'C102887', 45, '74.78'),
(100265, 'C102972', 49, '123.47'),
(100266, 'C103191', 44, '188.73'),
(100266, 'C103371', 22, '110.39'),
(100266, 'C103432', 35, '67.83'),
(100266, 'C103856', 40, '112.86'),
(100266, 'C104048', 21, '131.63'),
(100266, 'C104620', 36, '99.55'),
(100266, 'B100374', 33, '77.00'),
(100266, 'B100226', 49, '139.41'),
(100266, 'B100446', 20, '113.52'),
(100266, 'B100413', 29, '137.17'),
(100266, 'C102824', 33, '127.15'),
(100266, 'B100167', 28, '40.25'),
(100266, 'C109491', 34, '35.12'),
(100266, 'B100216', 47, '56.33'),
(100266, 'B100498', 24, '119.37'),
(100267, 'C104757', 36, '71.27'),
(100267, 'C104962', 40, '72.02'),
(100267, 'C101099', 38, '76.33'),
(100267, 'C101108', 43, '93.95'),
(100267, 'B100823', 44, '83.90'),
(100267, 'C103148', 43, '98.51'),
(100268, 'C103380', 49, '93.49'),
(100268, 'C103891', 26, '45.82'),
(100268, 'C103990', 34, '164.90'),
(100268, 'C104675', 31, '60.54'),
(100268, 'C101129', 50, '124.59'),
(100268, 'C101589', 35, '148.50'),
(100268, 'C101889', 39, '96.23'),
(100268, 'C101984', 35, '84.67'),
(100268, 'C102238', 33, '31.86'),
(100268, 'B100625', 40, '36.29'),
(100268, 'C102870', 30, '37.75'),
(100269, 'C103232', 32, '57.46'),
(100269, 'C103233', 48, '95.44'),
(100270, 'C103278', 21, '171.44'),
(100270, 'C103482', 32, '124.10'),
(100270, 'C103685', 28, '135.30'),
(100270, 'B100372', 43, '94.50'),
(100270, 'C104027', 31, '81.05'),
(100270, 'C104721', 38, '85.87'),
(100270, 'C104933', 38, '107.76'),
(100270, 'C101046', 44, '40.25'),
(100270, 'C101444', 32, '93.42'),
(100270, 'B100578', 21, '52.36'),
(100270, 'C101628', 46, '1001.15'),
(100271, 'B100233', 31, '99.54'),
(100271, 'B100360', 50, '147.36'),
(100271, 'C102766', 50, '121.50'),
(100271, 'C102840', 25, '59.55'),
(100271, 'C102887', 20, '169.34'),
(100271, 'C102972', 45, '49.71'),
(100271, 'C103191', 43, '122.68'),
(100271, 'C103371', 38, '28.64'),
(100271, 'C103432', 22, '110.00'),
(100271, 'C103856', 35, '51.95'),
(100271, 'C104048', 34, '93.76'),
(100272, 'C104620', 35, '187.02'),
(100272, 'B100374', 27, '123.89'),
(100272, 'B100226', 39, '148.80'),
(100272, 'B100446', 25, '126.39'),
(100272, 'B100413', 45, '56.55'),
(100272, 'C102824', 43, '53.89'),
(100273, 'B100167', 30, '136.00'),
(100273, 'C109491', 34, '84.30'),
(100273, 'B100216', 40, '117.47'),
(100273, 'B100498', 47, '87.73'),
(100273, 'C104757', 50, '105.87'),
(100273, 'C104962', 33, '72.85'),
(100273, 'C101099', 22, '1003.23'),
(100273, 'C101108', 27, '84.08'),
(100273, 'B100823', 48, '83.86'),
(100273, 'C103148', 21, '66.00'),
(100273, 'C103380', 21, '77.95'),
(100273, 'C103891', 42, '57.82'),
(100273, 'C103990', 40, '91.15'),
(100273, 'C104675', 26, '89.38'),
(100273, 'C101129', 37, '51.32'),
(100274, 'C101589', 41, '129.31'),
(100274, 'C101889', 40, '56.86'),
(100274, 'C101984', 24, '65.09'),
(100274, 'C102238', 24, '75.13'),
(100274, 'B100625', 32, '49.66'),
(100275, 'C102870', 45, '81.35'),
(100275, 'C103232', 22, '115.37'),
(100275, 'C103233', 36, '154.93'),
(100275, 'C103278', 35, '70.12'),
(100275, 'C103482', 37, '52.09'),
(100275, 'C103685', 21, '105.94'),
(100275, 'B100372', 25, '97.38'),
(100275, 'C104027', 30, '61.70'),
(100275, 'C104721', 41, '58.00'),
(100275, 'C104933', 27, '67.38'),
(100275, 'C101046', 23, '89.90'),
(100275, 'C101444', 28, '58.47'),
(100275, 'B100578', 38, '40.15'),
(100275, 'C101628', 32, '85.86'),
(100275, 'B100233', 39, '82.77'),
(100275, 'B100360', 48, '1002.04'),
(100275, 'C102766', 43, '72.00'),
(100275, 'C102840', 31, '59.96'),
(100276, 'C102887', 50, '184.84'),
(100276, 'C102972', 43, '150.62'),
(100276, 'C103191', 47, '1004.52'),
(100276, 'C103371', 38, '67.83'),
(100276, 'C103432', 38, '78.00'),
(100276, 'C103856', 30, '139.64'),
(100276, 'C104048', 33, '54.71'),
(100276, 'C104620', 48, '120.53'),
(100276, 'B100374', 46, '61.64'),
(100276, 'B100226', 20, '58.17'),
(100276, 'B100446', 48, '67.10'),
(100276, 'B100413', 27, '35.40'),
(100276, 'C102824', 38, '94.91'),
(100276, 'B100167', 21, '67.53'),
(100277, 'C109491', 28, '93.28'),
(100278, 'B100216', 34, '114.65'),
(100278, 'B100498', 23, '107.02'),
(100278, 'C104757', 29, '73.15'),
(100278, 'C104962', 29, '118.07'),
(100278, 'C101099', 39, '117.48'),
(100278, 'C101108', 42, '167.65'),
(100278, 'B100823', 31, '114.44'),
(100278, 'C103148', 35, '48.80'),
(100278, 'C103380', 31, '37.38'),
(100278, 'C103891', 25, '136.22'),
(100279, 'C103990', 26, '68.42'),
(100279, 'C104675', 32, '68.35'),
(100279, 'C101129', 49, '76.33'),
(100279, 'C101589', 48, '106.87'),
(100279, 'C101889', 33, '78.76'),
(100279, 'C101984', 48, '95.30'),
(100280, 'C102238', 34, '205.73'),
(100280, 'B100625', 24, '98.00'),
(100280, 'C102870', 50, '87.33'),
(100280, 'C103232', 27, '47.44'),
(100280, 'C103233', 26, '161.50'),
(100280, 'C103278', 25, '53.28'),
(100280, 'C103482', 37, '109.33'),
(100280, 'C103685', 22, '158.63'),
(100280, 'B100372', 46, '82.06'),
(100280, 'C104027', 43, '54.34'),
(100280, 'C104721', 29, '1002.63'),
(100280, 'C104933', 34, '99.21'),
(100280, 'C101046', 35, '77.31'),
(100280, 'C101444', 20, '29.87'),
(100280, 'B100578', 45, '36.29'),
(100280, 'C101628', 33, '35.29'),
(100280, 'B100233', 21, '79.86'),
(100281, 'B100360', 44, '132.97'),
(100281, 'C102766', 25, '127.10'),
(100281, 'C102840', 41, '98.36'),
(100281, 'C102887', 48, '114.14'),
(100281, 'C102972', 29, '56.52'),
(100281, 'C103191', 25, '135.47'),
(100281, 'C103371', 25, '96.86'),
(100281, 'C103432', 44, '42.76'),
(100281, 'C103856', 25, '112.46'),
(100281, 'C104048', 20, '33.95'),
(100281, 'C104620', 29, '80.90'),
(100281, 'B100374', 31, '44.91'),
(100281, 'B100226', 36, '59.47'),
(100281, 'B100446', 27, '89.01'),
(100282, 'B100413', 41, '176.63'),
(100282, 'C102824', 27, '142.02'),
(100282, 'B100167', 24, '169.56'),
(100282, 'C109491', 23, '147.36'),
(100282, 'B100216', 43, '122.93'),
(100282, 'B100498', 36, '88.74'),
(100282, 'C104757', 31, '132.13'),
(100282, 'C104962', 29, '49.71'),
(100282, 'C101099', 39, '96.99'),
(100282, 'C101108', 36, '51.58'),
(100282, 'B100823', 38, '114.59'),
(100282, 'C103148', 37, '56.24'),
(100282, 'C103380', 43, '77.95'),
(100283, 'C103891', 25, '130.56'),
(100283, 'C103990', 21, '78.28'),
(100283, 'C104675', 46, '100.58'),
(100283, 'C101129', 34, '71.97'),
(100283, 'C101589', 42, '99.54'),
(100283, 'C101889', 34, '80.54'),
(100283, 'C101984', 33, '77.15'),
(100283, 'C102238', 45, '62.00'),
(100283, 'B100625', 20, '74.23'),
(100283, 'C102870', 47, '68.67'),
(100283, 'C103232', 22, '88.15'),
(100283, 'C103233', 38, '85.41'),
(100283, 'C103278', 43, '41.22'),
(100283, 'C103482', 33, '49.14'),
(100284, 'C103685', 45, '137.19'),
(100284, 'B100372', 31, '68.43'),
(100284, 'C104027', 22, '1001.76'),
(100284, 'C104721', 30, '65.08'),
(100284, 'C104933', 39, '59.83'),
(100284, 'C101046', 21, '65.51'),
(100284, 'C101444', 21, '66.65'),
(100284, 'B100578', 50, '60.54'),
(100284, 'C101628', 33, '35.78'),
(100284, 'B100233', 24, '87.69'),
(100284, 'B100360', 45, '95.73'),
(100284, 'C102766', 25, '68.00'),
(100284, 'C102840', 32, '73.29'),
(100285, 'C102887', 36, '95.70'),
(100285, 'C102972', 47, '110.61'),
(100285, 'C103191', 27, '166.55'),
(100285, 'C103371', 49, '131.04'),
(100285, 'C103432', 20, '50.88'),
(100285, 'C103856', 34, '91.29'),
(100285, 'C104048', 39, '61.70'),
(100285, 'C104620', 38, '64.41'),
(100285, 'B100374', 37, '82.91'),
(100285, 'B100226', 37, '36.61'),
(100285, 'B100446', 26, '100.01'),
(100285, 'B100413', 39, '76.48'),
(100285, 'C102824', 45, '1002.04'),
(100286, 'B100167', 38, '51.60'),
(100287, 'C109491', 21, '190.68'),
(100287, 'B100216', 45, '117.44'),
(100287, 'B100498', 41, '74.21'),
(100287, 'C104757', 23, '107.10'),
(100287, 'C104962', 41, '113.23'),
(100287, 'C101099', 44, '61.60'),
(100287, 'C101108', 24, '123.76'),
(100287, 'B100823', 44, '114.84'),
(100287, 'C103148', 36, '137.17'),
(100287, 'C103380', 43, '68.35'),
(100287, 'C103891', 40, '127.88'),
(100287, 'C103990', 27, '139.87'),
(100287, 'C104675', 34, '119.04'),
(100287, 'C101129', 36, '31.34'),
(100287, 'C101589', 20, '58.17'),
(100287, 'C101889', 36, '137.62'),
(100287, 'C101984', 40, '79.22'),
(100288, 'C102238', 20, '120.71'),
(100288, 'B100625', 32, '168.30'),
(100288, 'C102870', 28, '50.25'),
(100288, 'C103232', 31, '1002.98'),
(100288, 'C103233', 35, '90.19'),
(100288, 'C103278', 23, '57.02'),
(100288, 'C103482', 36, '66.88'),
(100288, 'C103685', 50, '49.30'),
(100288, 'B100372', 29, '32.19'),
(100288, 'C104027', 35, '81.78'),
(100288, 'C104721', 48, '109.22'),
(100288, 'C104933', 34, '76.19'),
(100288, 'C101046', 41, '1001.73'),
(100288, 'C101444', 33, '37.75'),
(100289, 'B100578', 38, '92.47'),
(100289, 'C101628', 24, '44.75'),
(100289, 'B100233', 43, '141.75'),
(100289, 'B100360', 45, '41.22'),
(100290, 'C102766', 26, '80.36'),
(100290, 'C102840', 45, '83.76'),
(100291, 'C102887', 37, '210.01'),
(100291, 'C102972', 30, '141.83'),
(100291, 'C103191', 41, '123.00'),
(100291, 'C103371', 41, '96.84'),
(100291, 'C103432', 26, '52.26'),
(100291, 'C103856', 47, '99.28'),
(100291, 'C104048', 37, '56.21'),
(100291, 'C104620', 23, '93.20'),
(100291, 'B100374', 48, '96.86'),
(100291, 'B100226', 29, '45.28'),
(100291, 'B100446', 48, '109.90'),
(100291, 'B100413', 26, '82.83'),
(100291, 'C102824', 32, '53.00'),
(100291, 'B100167', 28, '86.99'),
(100292, 'C109491', 21, '94.80'),
(100292, 'B100216', 26, '140.81'),
(100292, 'B100498', 41, '1003.09'),
(100292, 'C104757', 21, '147.33'),
(100292, 'C104962', 44, '114.90'),
(100292, 'C101099', 40, '48.55'),
(100292, 'C101108', 39, '34.30'),
(100292, 'B100823', 27, '113.55'),
(100292, 'C103148', 50, '54.11'),
(100292, 'C103380', 31, '59.65'),
(100292, 'C103891', 41, '113.44'),
(100292, 'C103990', 35, '49.79'),
(100293, 'C104675', 46, '187.02'),
(100293, 'C101129', 24, '129.93'),
(100293, 'C101589', 45, '171.29'),
(100293, 'C101889', 24, '110.64'),
(100293, 'C101984', 22, '91.76'),
(100293, 'C102238', 49, '72.85'),
(100293, 'B100625', 21, '111.83'),
(100293, 'C102870', 29, '77.95'),
(100293, 'C103232', 32, '51.32'),
(100294, 'C103233', 45, '98.32'),
(100295, 'C103278', 24, '136.00'),
(100295, 'C103482', 46, '84.08'),
(100295, 'C103685', 26, '62.00'),
(100295, 'B100372', 44, '71.56'),
(100295, 'C104027', 34, '93.16'),
(100296, 'C104721', 36, '146.65'),
(100296, 'C104933', 21, '69.68'),
(100296, 'C101046', 22, '105.87'),
(100296, 'C101444', 21, '60.97'),
(100296, 'B100578', 31, '63.78'),
(100296, 'C101628', 22, '83.02'),
(100296, 'B100233', 32, '63.46'),
(100296, 'B100360', 26, '41.02'),
(100296, 'C102766', 42, '75.81'),
(100296, 'C102840', 34, '89.61'),
(100296, 'C102887', 24, '96.73'),
(100296, 'C102972', 22, '74.40'),
(100296, 'C103191', 47, '61.44'),
(100296, 'C103371', 21, '46.68'),
(100297, 'C103432', 25, '81.95'),
(100297, 'C103856', 32, '107.23'),
(100297, 'C104048', 32, '70.08'),
(100297, 'C104620', 23, '71.73'),
(100297, 'B100374', 26, '88.90'),
(100297, 'B100226', 28, '63.29'),
(100297, 'B100446', 35, '111.53'),
(100298, 'B100413', 39, '105.86'),
(100298, 'C102824', 32, '60.57'),
(100299, 'B100167', 23, '76.56'),
(100299, 'C109491', 29, '164.61'),
(100299, 'B100216', 24, '123.51'),
(100299, 'B100498', 39, '62.17'),
(100299, 'C104757', 49, '119.04'),
(100299, 'C104962', 47, '107.07'),
(100299, 'C101099', 33, '58.87'),
(100299, 'C101108', 32, '66.29'),
(100299, 'B100823', 24, '36.21'),
(100299, 'C103148', 38, '84.70'),
(100299, 'C103380', 44, '77.29'),
(100300, 'C103891', 33, '184.84'),
(100300, 'C103990', 29, '116.27'),
(100300, 'C104675', 22, '76.61'),
(100300, 'C101129', 23, '95.58'),
(100300, 'C101589', 41, '63.14'),
(100300, 'C101889', 49, '65.94'),
(100300, 'C101984', 23, '144.05'),
(100300, 'C102238', 31, '52.05'),
(100301, 'B100625', 37, '114.65'),
(100301, 'C102870', 32, '118.22'),
(100301, 'C103232', 47, '119.49'),
(100301, 'C103233', 22, '113.52'),
(100301, 'C103278', 23, '135.47'),
(100301, 'C103482', 39, '137.04'),
(100301, 'C103685', 27, '64.67'),
(100301, 'B100372', 22, '40.75'),
(100301, 'C104027', 48, '32.10'),
(100301, 'C104721', 22, '86.73'),
(100301, 'C104933', 50, '122.17'),
(100302, 'C101046', 43, '166.60'),
(100302, 'C101444', 38, '82.83'),
(100302, 'B100578', 23, '70.56'),
(100302, 'C101628', 49, '75.42'),
(100302, 'B100233', 45, '1004.52'),
(100302, 'B100360', 48, '74.48'),
(100303, 'C102766', 46, '56.91'),
(100303, 'C102840', 24, '35.70'),
(100304, 'C102887', 47, '201.44'),
(100304, 'C102972', 39, '117.54'),
(100304, 'C103191', 46, '106.17'),
(100304, 'C103371', 37, '95.55'),
(100304, 'C103432', 37, '46.90'),
(100304, 'C103856', 24, '1002.98'),
(100304, 'C104048', 20, '141.75'),
(100304, 'C104620', 46, '98.27'),
(100304, 'B100374', 24, '54.34'),
(100304, 'B100226', 26, '90.06'),
(100304, 'B100446', 38, '95.24'),
(100304, 'B100413', 34, '44.27'),
(100304, 'C102824', 23, '29.21'),
(100304, 'B100167', 44, '42.11'),
(100304, 'C109491', 33, '80.83'),
(100304, 'B100216', 36, '52.36'),
(100304, 'B100498', 40, '80.92'),
(100305, 'C104757', 38, '130.01'),
(100305, 'C104962', 38, '107.84'),
(100305, 'C101099', 27, '132.62'),
(100305, 'C101108', 36, '117.82'),
(100305, 'B100823', 41, '58.95'),
(100305, 'C103148', 37, '160.87'),
(100305, 'C103380', 22, '112.60'),
(100305, 'C103891', 45, '48.55'),
(100305, 'C103990', 24, '107.34'),
(100305, 'C104675', 48, '30.76'),
(100305, 'C101129', 36, '118.28'),
(100305, 'C101589', 28, '94.38'),
(100305, 'C101889', 40, '48.70'),
(100305, 'C101984', 42, '109.96'),
(100306, 'C102238', 31, '182.86'),
(100306, 'B100625', 34, '145.04'),
(100306, 'C102870', 20, '145.34'),
(100306, 'C103232', 32, '114.74'),
(100306, 'C103233', 40, '83.70'),
(100306, 'C103278', 23, '126.39'),
(100306, 'C103482', 39, '85.14'),
(100306, 'C103685', 29, '109.37'),
(100306, 'B100372', 31, '76.12'),
(100306, 'C104027', 46, '60.28'),
(100306, 'C104721', 34, '51.55'),
(100306, 'C104933', 50, '61.34'),
(100306, 'C101046', 38, '73.62'),
(100306, 'C101444', 43, '62.16'),
(100306, 'B100578', 32, '99.17'),
(100306, 'C101628', 30, '87.39'),
(100306, 'B100233', 35, '48.05'),
(100307, 'B100360', 22, '118.32'),
(100307, 'C102766', 39, '135.61'),
(100307, 'C102840', 31, '71.40'),
(100307, 'C102887', 48, '92.11'),
(100307, 'C102972', 25, '58.23'),
(100307, 'C103191', 22, '64.44'),
(100307, 'C103371', 22, '75.47'),
(100307, 'C103432', 34, '81.47'),
(100307, 'C103856', 34, '44.20'),
(100308, 'C104048', 34, '115.37'),
(100308, 'C104620', 20, '187.85'),
(100308, 'B100374', 27, '81.95'),
(100308, 'B100226', 34, '48.46'),
(100308, 'B100446', 31, '99.57'),
(100308, 'B100413', 47, '68.55'),
(100308, 'C102824', 43, '58.00'),
(100308, 'B100167', 44, '71.73'),
(100308, 'C109491', 24, '99.89'),
(100308, 'B100216', 46, '61.22'),
(100308, 'B100498', 47, '37.09'),
(100308, 'C104757', 21, '73.07'),
(100308, 'C104962', 35, '88.75'),
(100308, 'C101099', 31, '100.85'),
(100308, 'C101108', 21, '79.20'),
(100308, 'B100823', 39, '62.93'),
(100309, 'C103148', 41, '94.74'),
(100309, 'C103380', 26, '144.60'),
(100309, 'C103891', 21, '96.92'),
(100309, 'C103990', 24, '59.56'),
(100309, 'C104675', 50, '93.89'),
(100309, 'C101129', 28, '74.04'),
(100310, 'C101589', 33, '165.38'),
(100310, 'C101889', 24, '105.70'),
(100310, 'C101984', 49, '77.41'),
(100310, 'C102238', 25, '1001.34'),
(100310, 'B100625', 37, '128.80'),
(100310, 'C102870', 20, '66.99'),
(100310, 'C103232', 24, '129.45'),
(100310, 'C103233', 48, '159.18'),
(100310, 'C103278', 27, '70.76'),
(100310, 'C103482', 49, '122.00'),
(100310, 'C103685', 42, '59.06'),
(100310, 'B100372', 40, '133.92'),
(100310, 'C104027', 33, '33.23'),
(100310, 'C104721', 38, '50.21'),
(100310, 'C104933', 45, '139.03'),
(100310, 'C101046', 49, '75.18'),
(100310, 'C101444', 36, '38.62'),
(100311, 'B100578', 29, '124.44'),
(100311, 'C101628', 43, '114.84'),
(100311, 'B100233', 32, '134.22'),
(100311, 'B100360', 41, '92.03'),
(100311, 'C102766', 25, '66.99'),
(100311, 'C102840', 26, '70.55'),
(100311, 'C102887', 45, '48.80'),
(100311, 'C102972', 28, '89.05'),
(100311, 'C103191', 43, '116.27'),
(100311, 'C103371', 25, '85.61'),
(100311, 'C103432', 46, '91.02'),
(100312, 'C103856', 48, '214.30'),
(100312, 'C104048', 32, '1001.50'),
(100312, 'C104620', 43, '1002.74'),
(100312, 'B100374', 25, '43.67'),
(100312, 'B100226', 48, '146.20'),
(100312, 'B100446', 30, '48.43'),
(100312, 'B100413', 31, '111.87'),
(100312, 'C102824', 25, '150.19'),
(100312, 'B100167', 37, '91.18'),
(100312, 'C109491', 35, '54.34'),
(100312, 'B100216', 38, '93.20'),
(100312, 'B100498', 33, '84.33'),
(100312, 'C104757', 39, '44.27'),
(100312, 'C104962', 39, '27.88'),
(100312, 'C101099', 23, '43.46'),
(100312, 'C101108', 31, '40.21'),
(100312, 'B100823', 44, '96.42'),
(100313, 'C103148', 40, '141.83'),
(100313, 'C103380', 21, '131.20'),
(100313, 'C103891', 29, '109.23'),
(100313, 'C103990', 34, '52.87'),
(100313, 'C104675', 25, '143.94'),
(100313, 'C101129', 28, '110.18'),
(100313, 'C101589', 42, '1002.23'),
(100313, 'C101889', 27, '96.31'),
(100313, 'C101984', 38, '48.70'),
(100313, 'C102238', 34, '55.59'),
(100313, 'B100625', 30, '96.09'),
(100314, 'C102870', 38, '176.63'),
(100314, 'C103232', 46, '125.40'),
(100314, 'C103233', 36, '169.56'),
(100314, 'C103278', 45, '95.99'),
(100314, 'C103482', 42, '135.90'),
(100314, 'C103685', 20, '129.76'),
(100314, 'B100372', 23, '84.71'),
(100314, 'C104027', 29, '129.26'),
(100314, 'C104721', 44, '51.44'),
(100314, 'C104933', 39, '31.82'),
(100314, 'C101046', 38, '111.18'),
(100314, 'C101444', 35, '58.41'),
(100314, 'B100578', 28, '115.75'),
(100314, 'C101628', 38, '50.38'),
(100314, 'B100233', 23, '83.15'),
(100315, 'B100360', 36, '78.12'),
(100315, 'C102766', 35, '111.83'),
(100315, 'C102840', 24, '78.77'),
(100315, 'C102887', 41, '60.67'),
(100315, 'C102972', 31, '99.17'),
(100315, 'C103191', 37, '88.39'),
(100315, 'C103371', 40, '51.32'),
(100316, 'C103432', 33, '126.48'),
(100316, 'C103856', 27, '140.34'),
(100316, 'C104048', 21, '72.26'),
(100316, 'C104620', 47, '89.99'),
(100316, 'B100374', 25, '93.01'),
(100316, 'B100226', 34, '67.14'),
(100316, 'B100446', 47, '55.23'),
(100316, 'B100413', 25, '77.15'),
(100316, 'C102824', 30, '67.56'),
(100316, 'B100167', 24, '59.16'),
(100316, 'C109491', 34, '36.66'),
(100316, 'B100216', 34, '74.90'),
(100316, 'B100498', 45, '73.32'),
(100316, 'C104757', 23, '85.76'),
(100316, 'C104962', 48, '67.22'),
(100316, 'C101099', 48, '77.60'),
(100316, 'C101108', 44, '68.11'),
(100316, 'B100823', 34, '43.70'),
(100317, 'C103148', 35, '69.55'),
(100318, 'C103380', 46, '84.22'),
(100318, 'C103891', 45, '1002.29'),
(100318, 'C103990', 37, '189.79'),
(100318, 'C104675', 31, '81.95'),
(100318, 'C101129', 42, '49.67'),
(100318, 'C101589', 48, '93.54'),
(100318, 'C101889', 26, '60.94'),
(100318, 'C101984', 47, '81.91'),
(100318, 'C102238', 50, '1002.04'),
(100319, 'B100625', 30, '134.05'),
(100319, 'C102870', 46, '77.19'),
(100319, 'C103232', 44, '54.71'),
(100319, 'C103233', 45, '120.53'),
(100319, 'C103278', 31, '65.80'),
(100319, 'C103482', 43, '78.41'),
(100319, 'C103685', 29, '35.00'),
(100319, 'B100372', 22, '96.95'),
(100319, 'C104027', 45, '79.73'),
(100320, 'C104721', 31, '184.84'),
(100320, 'C104933', 35, '1002.17'),
(100320, 'C101046', 38, '63.84'),
(100320, 'C101444', 25, '139.64'),
(100320, 'B100578', 26, '60.62'),
(100321, 'C101628', 24, '105.95'),
(100321, 'B100233', 41, '123.14'),
(100321, 'B100360', 44, '120.71'),
(100321, 'C102766', 37, '73.92'),
(100321, 'C102840', 25, '142.25'),
(100321, 'C102887', 27, '126.72'),
(100321, 'C102972', 33, '164.26'),
(100321, 'C103191', 28, '138.45'),
(100321, 'C103371', 30, '68.35'),
(100321, 'C103432', 48, '42.76'),
(100321, 'C103856', 30, '74.51'),
(100321, 'C104048', 37, '31.72'),
(100321, 'C104620', 39, '81.33'),
(100321, 'B100374', 21, '1003.87'),
(100321, 'B100226', 26, '137.62'),
(100322, 'B100446', 40, '180.01'),
(100322, 'B100413', 46, '141.83'),
(100322, 'C102824', 27, '136.67'),
(100322, 'B100167', 22, '1001.50'),
(100322, 'C109491', 43, '92.47'),
(100322, 'B100216', 41, '44.21'),
(100322, 'B100498', 50, '120.77'),
(100322, 'C104757', 35, '57.12'),
(100322, 'C104962', 36, '158.63'),
(100322, 'C101099', 33, '100.30'),
(100322, 'C101108', 41, '54.34'),
(100322, 'B100823', 48, '90.06'),
(100322, 'C103148', 20, '26.55'),
(100322, 'C103380', 30, '40.77'),
(100323, 'C103891', 33, '88.30'),
(100323, 'C103990', 47, '96.86'),
(100324, 'C104675', 27, '148.06'),
(100324, 'C101129', 26, '100.73'),
(100324, 'C101589', 47, '142.45'),
(100324, 'C101889', 33, '105.55'),
(100324, 'C101984', 27, '137.17'),
(100324, 'C102238', 49, '120.64'),
(100324, 'B100625', 38, '49.81'),
(100324, 'C102870', 25, '49.71'),
(100324, 'C103232', 31, '107.34'),
(100324, 'C103233', 30, '29.35'),
(100324, 'C103278', 33, '95.44'),
(100324, 'C103482', 20, '91.49'),
(100324, 'C103685', 48, '60.76'),
(100324, 'B100372', 34, '80.92'),
(100325, 'C104027', 47, '111.52'),
(100325, 'C104721', 42, '193.25'),
(100325, 'C104933', 24, '166.10'),
(100325, 'C101046', 24, '114.74'),
(100325, 'C101444', 44, '114.73'),
(100325, 'B100578', 38, '44.37'),
(100325, 'C101628', 28, '55.30'),
(100325, 'B100233', 38, '99.55'),
(100325, 'B100360', 44, '56.24'),
(100326, 'C102766', 32, '94.79'),
(100326, 'C102840', 50, '73.73'),
(100326, 'C102887', 41, '120.43'),
(100326, 'C102972', 41, '86.74'),
(100326, 'C103191', 20, '81.34'),
(100326, 'C103371', 39, '60.67'),
(100327, 'C103432', 25, '154.54'),
(100327, 'C103856', 45, '74.34'),
(100327, 'C104048', 25, '74.84'),
(100327, 'C104620', 20, '79.68'),
(100327, 'B100374', 21, '65.05'),
(100327, 'B100226', 43, '85.14'),
(100327, 'B100446', 37, '83.42'),
(100327, 'B100413', 37, '48.05'),
(100328, 'C102824', 34, '1004.81'),
(100328, 'B100167', 47, '87.54'),
(100328, 'C109491', 48, '67.82'),
(100328, 'B100216', 20, '56.55'),
(100328, 'B100498', 35, '55.96'),
(100328, 'C104757', 43, '69.55'),
(100328, 'C104962', 24, '57.10'),
(100328, 'C101099', 34, '42.33'),
(100328, 'C101108', 27, '84.03'),
(100328, 'B100823', 41, '75.13'),
(100328, 'C103148', 37, '95.73'),
(100328, 'C103380', 33, '117.46'),
(100328, 'C103891', 33, '71.20'),
(100328, 'C103990', 39, '69.59'),
(100329, 'C104675', 42, '80.39'),
(100329, 'C101129', 20, '109.42'),
(100329, 'C101589', 26, '164.61'),
(100329, 'C101889', 41, '182.90'),
(100329, 'C101984', 24, '128.03'),
(100329, 'C102238', 46, '117.44'),
(100329, 'B100625', 33, '74.21'),
(100329, 'C102870', 39, '1002.49'),
(100329, 'C103232', 29, '66.22'),
(100329, 'C103233', 38, '55.72'),
(100329, 'C103278', 38, '65.13'),
(100329, 'C103482', 30, '1004.81'),
(100329, 'C103685', 37, '71.60'),
(100329, 'B100372', 45, '80.91'),
(100329, 'C104027', 44, '41.22'),
(100330, 'C104721', 37, '136.70'),
(100330, 'C104933', 29, '59.06'),
(100330, 'C101046', 50, '133.92'),
(100330, 'C101444', 42, '56.10'),
(100331, 'B100578', 46, '120.31'),
(100331, 'C101628', 44, '99.55'),
(100331, 'B100233', 44, '154.70'),
(100331, 'B100360', 30, '135.14'),
(100331, 'C102766', 26, '130.68'),
(100331, 'C102840', 27, '169.34'),
(100331, 'C102887', 26, '132.80'),
(100331, 'C102972', 27, '37.00'),
(100331, 'C103191', 25, '55.11'),
(100331, 'C103371', 21, '139.03'),
(100331, 'C103432', 41, '70.33'),
(100331, 'C103856', 28, '33.39'),
(100331, 'C104048', 32, '100.01'),
(100331, 'C104620', 20, '74.04'),
(100332, 'B100374', 46, '89.38'),
(100332, 'B100226', 27, '51.21'),
(100332, 'B100446', 38, '53.88'),
(100332, 'B100413', 35, '116.96'),
(100332, 'C102824', 24, '138.38'),
(100332, 'B100167', 26, '53.09'),
(100332, 'C109491', 40, '100.53'),
(100332, 'B100216', 50, '92.03'),
(100332, 'B100498', 21, '70.56'),
(100332, 'C104757', 23, '61.73'),
(100332, 'C104962', 20, '47.29'),
(100332, 'C101099', 45, '29.87'),
(100332, 'C101108', 26, '43.01'),
(100332, 'B100823', 39, '84.51'),
(100332, 'C103148', 44, '108.04'),
(100332, 'C103380', 45, '77.91'),
(100332, 'C103891', 31, '94.23'),
(100332, 'C103990', 41, '34.47'),
(100333, 'C104675', 26, '188.58'),
(100333, 'C101129', 33, '121.64'),
(100333, 'C101589', 29, '110.84'),
(100333, 'C101889', 31, '95.23'),
(100333, 'C101984', 46, '95.24'),
(100333, 'C102238', 24, '42.26'),
(100333, 'B100625', 39, '95.44'),
(100333, 'C102870', 33, '62.05'),
(100334, 'C103232', 26, '130.01'),
(100334, 'C103233', 46, '108.00'),
(100334, 'C103278', 34, '52.87'),
(100334, 'C103482', 20, '147.33'),
(100334, 'C103685', 49, '1001.71'),
(100334, 'B100372', 42, '117.57'),
(100335, 'C104027', 33, '32.88'),
(100335, 'C104721', 44, '77.05'),
(100335, 'C104933', 40, '49.78'),
(100336, 'C101046', 33, '176.63'),
(100336, 'C101444', 33, '126.91'),
(100336, 'B100578', 49, '141.88'),
(100336, 'C101628', 38, '95.99'),
(100336, 'B100233', 49, '153.91'),
(100336, 'B100360', 48, '135.22'),
(100336, 'C102766', 21, '100.84'),
(100336, 'C102840', 45, '49.71'),
(100336, 'C102887', 31, '113.55'),
(100336, 'C102972', 31, '59.03'),
(100336, 'C103191', 23, '109.96'),
(100336, 'C103371', 46, '94.07'),
(100337, 'C103432', 25, '131.92'),
(100337, 'C103856', 36, '140.75'),
(100337, 'C104048', 29, '76.36'),
(100337, 'C104620', 29, '119.20'),
(100337, 'B100374', 21, '54.48'),
(100337, 'B100226', 36, '73.62'),
(100337, 'B100446', 31, '84.14'),
(100337, 'B100413', 36, '83.42'),
(100337, 'C102824', 42, '49.14'),
(100338, 'B100167', 41, '137.19'),
(100338, 'C109491', 28, '80.86'),
(100338, 'B100216', 45, '93.17'),
(100339, 'B100498', 40, '117.75'),
(100339, 'C104757', 39, '178.17'),
(100339, 'C104962', 27, '79.41'),
(100339, 'C101099', 30, '48.46'),
(100339, 'C101108', 27, '96.92'),
(100339, 'B100823', 21, '106.14'),
(100339, 'C103148', 55, '67.82'),
(100339, 'C103380', 55, '73.46'),
(100339, 'C103891', 29, '57.86'),
(100339, 'C103990', 42, '72.96'),
(100339, 'C104675', 45, '57.32'),
(100339, 'C101129', 22, '53.34'),
(100339, 'C101589', 55, '86.90'),
(100339, 'C101889', 50, '62.16'),
(100339, 'C101984', 50, '66.63'),
(100339, 'C102238', 27, '49.66'),
(100340, 'B100625', 55, '62.46'),
(100340, 'C102870', 40, '63.76'),
(100340, 'C103232', 55, '95.89'),
(100340, 'C103233', 39, '67.41'),
(100340, 'C103278', 40, '37.09'),
(100340, 'C103482', 30, '73.99'),
(100340, 'C103685', 55, '81.77'),
(100340, 'B100372', 29, '98.48'),
(100341, 'C104027', 41, '84.22'),
(100341, 'C104721', 45, '192.62'),
(100341, 'C104933', 55, '120.50'),
(100341, 'C101046', 44, '111.57'),
(100341, 'C101444', 36, '77.41'),
(100341, 'B100578', 55, '109.40'),
(100341, 'C101628', 32, '63.03'),
(100341, 'B100233', 31, '95.93'),
(100341, 'B100360', 38, '78.11'),
(100341, 'C102766', 34, '70.40'),
(100342, 'C102840', 40, '118.89'),
(100342, 'C102887', 55, '63.14'),
(100342, 'C102972', 22, '115.22'),
(100342, 'C103191', 30, '167.65'),
(100342, 'C103371', 25, '76.39'),
(100342, 'C103432', 55, '136.70'),
(100342, 'C103856', 26, '57.82'),
(100342, 'C104048', 38, '124.99'),
(100342, 'C104620', 39, '30.59'),
(100342, 'B100374', 48, '60.01'),
(100342, 'B100226', 42, '112.34'),
(100343, 'B100446', 36, '109.51'),
(100343, 'B100413', 25, '118.80'),
(100343, 'C102824', 44, '127.15'),
(100343, 'B100167', 27, '44.78'),
(100343, 'C109491', 30, '76.80'),
(100343, 'B100216', 29, '37.41'),
(100344, 'B100498', 45, '168.30'),
(100344, 'C104757', 40, '49.04'),
(100344, 'C104962', 30, '118.23'),
(100344, 'C101099', 21, '80.99'),
(100344, 'C101108', 26, '68.42'),
(100344, 'B100823', 29, '61.00'),
(100344, 'C103148', 20, '27.88'),
(100345, 'C103380', 43, '38.98'),
(100346, 'C103891', 42, '88.36'),
(100346, 'C103990', 25, '87.24'),
(100346, 'C104675', 24, '117.44'),
(100346, 'C101129', 24, '80.47'),
(100346, 'C101589', 26, '1003.87'),
(100346, 'C101889', 22, '38.57'),
(100347, 'C101984', 30, '188.58'),
(100347, 'C102238', 27, '132.97'),
(100347, 'B100625', 29, '132.57'),
(100347, 'C102870', 42, '113.17'),
(100347, 'C103232', 21, '46.36'),
(100347, 'C103233', 50, '51.05'),
(100347, 'C103278', 21, '136.69'),
(100347, 'C103482', 48, '84.09'),
(100347, 'C103685', 34, '60.59'),
(100347, 'B100372', 45, '95.30'),
(100347, 'C104027', 26, '84.33'),
(100347, 'C104721', 45, '115.03'),
(100348, 'C104933', 48, '207.80'),
(100348, 'C101046', 47, '122.37'),
(100348, 'C101444', 29, '43.77'),
(100348, 'B100578', 37, '107.34'),
(100348, 'C101628', 39, '82.78'),
(100348, 'B100233', 42, '90.53'),
(100348, 'B100360', 31, '62.70'),
(100348, 'C102766', 32, '100.14'),
(100349, 'C102840', 26, '166.10'),
(100349, 'C102887', 48, '114.95'),
(100349, 'C102972', 38, '142.45'),
(100349, 'C103191', 38, '117.82'),
(100349, 'C103371', 48, '164.26'),
(100349, 'C103432', 34, '140.75'),
(100349, 'C103856', 48, '50.29'),
(100349, 'C104048', 36, '31.47'),
(100349, 'C104620', 23, '111.18'),
(100349, 'B100374', 33, '44.37'),
(100350, 'B100226', 26, '110.16'),
(100350, 'B100446', 43, '84.30'),
(100350, 'B100413', 44, '135.22'),
(100350, 'C102824', 41, '94.79'),
(100350, 'B100167', 30, '70.22'),
(100350, 'C109491', 34, '98.31'),
(100350, 'B100216', 30, '86.74'),
(100350, 'B100498', 25, '77.15'),
(100350, 'C104757', 27, '61.52'),
(100350, 'C104962', 31, '1004.18'),
(100350, 'C101099', 44, '56.82'),
(100350, 'C101108', 46, '56.00'),
(100350, 'B100823', 28, '76.22'),
(100350, 'C103148', 29, '68.67'),
(100350, 'C103380', 31, '87.15'),
(100350, 'C103891', 25, '97.32'),
(100350, 'C103990', 20, '48.05'),
(100351, 'C104675', 39, '143.50'),
(100351, 'C101129', 20, '1004.81'),
(100351, 'C101589', 25, '64.40'),
(100351, 'C101889', 38, '53.92'),
(100351, 'C101984', 34, '68.24'),
(100352, 'C102238', 23, '75.13'),
(100352, 'B100625', 49, '87.75'),
(100352, 'C102870', 22, '62.19'),
(100352, 'C103232', 49, '46.18'),
(100353, 'C103233', 27, '71.81'),
(100353, 'C103278', 28, '107.23'),
(100353, 'C103482', 35, '69.55'),
(100353, 'C103685', 46, '86.90'),
(100353, 'B100372', 40, '68.10'),
(100353, 'C104027', 40, '35.78'),
(100353, 'C104721', 39, '73.07'),
(100353, 'C104933', 48, '98.48'),
(100353, 'C101046', 43, '74.40'),
(100354, 'C101444', 42, '84.22'),
(100354, 'B100578', 20, '95.15'),
(100354, 'C101628', 42, '178.17'),
(100354, 'B100233', 31, '157.60'),
(100354, 'B100360', 35, '141.58'),
(100354, 'C102766', 29, '98.65'),
(100354, 'C102840', 23, '76.61'),
(100354, 'C102887', 28, '100.19'),
(100354, 'C102972', 21, '76.23'),
(100354, 'C103191', 28, '49.06'),
(100354, 'C103371', 36, '69.15'),
(100354, 'C103432', 21, '96.92'),
(100354, 'C103856', 28, '62.46'),
(100355, 'C104048', 23, '117.59'),
(100355, 'C104620', 31, '60.30'),
(100355, 'B100374', 25, '124.99'),
(100355, 'B100226', 41, '56.10'),
(100355, 'B100446', 36, '37.38'),
(100355, 'B100413', 44, '60.62'),
(100355, 'C102824', 32, '137.62'),
(100355, 'B100167', 28, '75.18'),
(100355, 'C109491', 38, '32.99'),
(100355, 'B100216', 40, '93.89'),
(100356, 'B100498', 43, '120.31'),
(100356, 'C104757', 50, '82.19'),
(100356, 'C104962', 22, '44.75'),
(100356, 'C101099', 27, '130.87'),
(100356, 'C101108', 29, '106.79'),
(100356, 'B100823', 30, '158.63'),
(100356, 'C103148', 48, '31.86'),
(100356, 'C103380', 26, '42.11'),
(100356, 'C103891', 26, '78.11'),
(100357, 'C103990', 32, '199.30'),
(100357, 'C104675', 43, '135.92'),
(100357, 'C101129', 49, '109.34'),
(100357, 'C101589', 39, '112.00'),
(100357, 'C101889', 41, '58.95'),
(100357, 'C101984', 41, '91.18'),
(100357, 'C102238', 49, '59.34'),
(100357, 'B100625', 44, '1004.72'),
(100357, 'C102870', 25, '84.33'),
(100357, 'C103232', 28, '105.34'),
(100358, 'C103233', 49, '129.93'),
(100358, 'C103278', 42, '98.36'),
(100358, 'C103482', 20, '142.45'),
(100358, 'C103685', 20, '99.41'),
(100358, 'B100372', 32, '137.17'),
(100358, 'C104027', 25, '117.77'),
(100358, 'C104721', 30, '46.29'),
(100358, 'C104933', 44, '56.07'),
(100358, 'C101046', 41, '127.79'),
(100358, 'C101444', 36, '33.59'),
(100358, 'B100578', 41, '88.62'),
(100358, 'C101628', 41, '82.83'),
(100358, 'B100233', 36, '51.71'),
(100358, 'B100360', 27, '85.98'),
(100359, 'C102766', 48, '122.40'),
(100359, 'C102840', 42, '180.79'),
(100359, 'C102887', 49, '162.64'),
(100359, 'C102972', 22, '108.82'),
(100359, 'C103191', 36, '45.45'),
(100359, 'C103371', 22, '62.14'),
(100359, 'C103432', 46, '99.55'),
(100359, 'C103856', 25, '47.45'),
(100360, 'C104048', 50, '126.15'),
(100360, 'C104620', 41, '68.43'),
(100360, 'B100374', 46, '71.40'),
(100360, 'B100226', 29, '122.93'),
(100360, 'B100446', 29, '94.79'),
(100360, 'B100413', 40, '1001.64'),
(100360, 'C102824', 40, '76.36'),
(100360, 'B100167', 22, '106.14'),
(100360, 'C109491', 31, '100.77'),
(100360, 'B100216', 49, '55.49'),
(100360, 'B100498', 36, '70.81'),
(100360, 'C104757', 22, '78.83'),
(100360, 'C104962', 32, '64.67'),
(100360, 'C101099', 26, '86.61'),
(100360, 'C101108', 30, '70.11'),
(100360, 'B100823', 35, '83.14'),
(100360, 'C103148', 31, '92.36'),
(100360, 'C103380', 31, '54.05'),
(100361, 'C103891', 20, '92.83'),
(100361, 'C103990', 26, '114.18'),
(100361, 'C104675', 34, '62.46'),
(100361, 'C101129', 26, '61.42'),
(100361, 'C101589', 25, '68.83'),
(100361, 'C101889', 49, '56.41'),
(100361, 'C101984', 33, '35.78'),
(100361, 'C102238', 20, '88.60'),
(100361, 'B100625', 24, '85.99'),
(100361, 'C102870', 26, '91.74'),
(100361, 'C103232', 44, '107.97'),
(100361, 'C103233', 44, '76.80'),
(100361, 'C103278', 35, '62.19'),
(100361, 'C103482', 23, '47.67'),
(100362, 'C103685', 22, '182.04'),
(100362, 'B100372', 22, '131.04'),
(100362, 'C104027', 23, '53.91'),
(100362, 'C104721', 50, '91.29'),
(100363, 'C104933', 33, '180.95'),
(100363, 'C101046', 34, '106.87'),
(100363, 'C101444', 34, '68.63'),
(100363, 'B100578', 46, '1003.64'),
(100363, 'C101628', 22, '61.60'),
(100363, 'B100233', 46, '69.15'),
(100363, 'B100360', 24, '124.94'),
(100363, 'C102766', 32, '52.22'),
(100363, 'C102840', 28, '123.50'),
(100363, 'C102887', 21, '70.08'),
(100363, 'C102972', 43, '56.10'),
(100363, 'C103191', 21, '52.05'),
(100363, 'C103371', 31, '113.75'),
(100363, 'C103432', 43, '75.99'),
(100363, 'C103856', 50, '92.90'),
(100364, 'C104048', 48, '38.22'),
(100365, 'C104620', 30, '116.06'),
(100365, 'B100374', 22, '82.66'),
(100365, 'B100226', 44, '68.34'),
(100366, 'B100446', 34, '116.65'),
(100366, 'B100413', 49, '105.60'),
(100366, 'C102824', 34, '154.10'),
(100367, 'B100167', 49, '105.77'),
(100367, 'C109491', 37, '144.50'),
(100367, 'B100216', 45, '50.25'),
(100367, 'B100498', 27, '124.59'),
(100367, 'C104757', 32, '140.06'),
(100367, 'C104962', 46, '131.39'),
(100367, 'C101099', 43, '77.31'),
(100367, 'C101108', 44, '66.99'),
(100367, 'B100823', 21, '72.76'),
(100367, 'C103148', 38, '50.31'),
(100367, 'C103380', 23, '29.54'),
(100367, 'C103891', 28, '43.01'),
(100367, 'C103990', 36, '36.25'),
(100368, 'C104675', 40, '73.60'),
(100368, 'C101129', 31, '115.09'),
(100368, 'C101589', 46, '83.04'),
(100368, 'C101889', 20, '93.16'),
(100368, 'C101984', 46, '36.52'),
(100369, 'C102238', 41, '195.01'),
(100369, 'B100625', 44, '89.38'),
(100369, 'C102870', 32, '46.36'),
(100369, 'C103232', 42, '100.30'),
(100369, 'C103233', 28, '51.84'),
(100369, 'C103278', 21, '90.06'),
(100369, 'C103482', 45, '80.36'),
(100369, 'C103685', 40, '93.49'),
(100370, 'B100372', 35, '128.53'),
(100370, 'C104027', 49, '128.47'),
(100370, 'C104721', 27, '100.34'),
(100370, 'C104933', 22, '1001.87'),
(100370, 'C101046', 22, '60.16'),
(100370, 'C101444', 27, '167.65'),
(100370, 'B100578', 29, '105.34'),
(100370, 'C101628', 20, '41.76'),
(100370, 'B100233', 25, '63.99'),
(100371, 'B100360', 32, '178.71'),
(100371, 'C102766', 49, '1004.28'),
(100371, 'C102840', 25, '160.46'),
(100371, 'C102887', 25, '53.75'),
(100371, 'C102972', 20, '126.51'),
(100371, 'C103191', 45, '35.01'),
(100371, 'C103371', 28, '95.81'),
(100371, 'C103432', 26, '82.83'),
(100371, 'C103856', 20, '44.37'),
(100371, 'C104048', 30, '53.44'),
(100371, 'C104620', 48, '97.23'),
(100371, 'B100374', 34, '83.95'),
(100372, 'B100226', 40, '146.55'),
(100372, 'B100446', 34, '140.15'),
(100372, 'B100413', 28, '131.13'),
(100372, 'C102824', 25, '91.76'),
(100372, 'B100167', 48, '119.20'),
(100372, 'C109491', 41, '78.99'),
(100372, 'B100216', 37, '1002.00'),
(100372, 'B100498', 24, '56.82'),
(100372, 'C104757', 44, '74.48'),
(100373, 'C104962', 39, '118.32'),
(100373, 'C101099', 28, '143.50'),
(100373, 'C101108', 22, '75.70'),
(100373, 'B100823', 50, '99.52'),
(100373, 'C103148', 38, '58.92'),
(100373, 'C103380', 33, '82.31'),
(100373, 'C103891', 46, '53.92'),
(100373, 'C103990', 23, '83.86'),
(100373, 'C104675', 39, '62.10'),
(100373, 'C101129', 44, '58.00'),
(100373, 'C101589', 32, '76.94'),
(100373, 'C101889', 41, '69.39'),
(100373, 'C101984', 34, '94.16'),
(100373, 'C102238', 37, '83.42'),
(100373, 'B100625', 45, '68.11'),
(100373, 'C102870', 25, '44.20'),
(100373, 'C103232', 29, '48.05'),
(100374, 'C103233', 39, '115.37'),
(100374, 'C103278', 22, '158.80'),
(100374, 'C103482', 42, '75.19'),
(100374, 'C103685', 22, '48.46'),
(100374, 'B100372', 38, '112.70'),
(100374, 'C104027', 46, '107.23'),
(100375, 'C104721', 21, '76.56'),
(100375, 'C104933', 45, '184.84'),
(100375, 'C101046', 49, '150.62'),
(100375, 'C101444', 23, '67.03'),
(100375, 'B100578', 20, '60.26'),
(100375, 'C101628', 43, '60.13'),
(100375, 'B100233', 37, '87.90'),
(100375, 'B100360', 44, '59.85'),
(100375, 'C102766', 41, '96.95'),
(100375, 'C102840', 49, '36.22'),
(100375, 'C102887', 49, '69.16'),
(100375, 'C102972', 37, '86.77'),
(100375, 'C103191', 33, '94.73'),
(100375, 'C103371', 25, '98.48'),
(100375, 'C103432', 44, '69.60'),
(100376, 'C103856', 35, '98.65'),
(100377, 'C104048', 24, '65.44'),
(100377, 'C104620', 50, '112.86'),
(100377, 'B100374', 35, '124.56'),
(100377, 'B100226', 31, '61.60'),
(100377, 'B100446', 36, '125.18'),
(100377, 'B100413', 39, '143.94'),
(100378, 'C102824', 34, '121.95'),
(100378, 'B100167', 22, '66.74'),
(100378, 'C109491', 43, '146.99'),
(100378, 'B100216', 28, '60.30'),
(100378, 'B100498', 49, '122.02'),
(100378, 'C104757', 41, '30.59'),
(100378, 'C104962', 46, '52.66'),
(100378, 'C101099', 33, '129.20'),
(100378, 'C101108', 41, '80.84'),
(100378, 'B100823', 40, '35.80'),
(100379, 'C103148', 39, '156.40'),
(100379, 'C103380', 27, '50.85'),
(100379, 'C103891', 29, '113.52'),
(100379, 'C103990', 32, '134.22'),
(100379, 'C104675', 32, '48.80'),
(100380, 'C101129', 27, '88.36'),
(100380, 'C101589', 40, '119.50'),
(100380, 'C101889', 21, '156.94'),
(100380, 'C101984', 32, '78.23'),
(100380, 'C102238', 24, '66.99'),
(100380, 'B100625', 34, '66.88'),
(100380, 'C102870', 32, '29.87'),
(100380, 'C103232', 27, '37.63'),
(100380, 'C103233', 36, '77.24'),
(100380, 'C103278', 44, '111.57'),
(100380, 'C103482', 44, '77.05'),
(100380, 'C103685', 34, '91.02'),
(100380, 'B100372', 43, '32.82'),
(100381, 'C104027', 36, '182.16'),
(100381, 'C104721', 37, '138.88'),
(100381, 'C104933', 20, '132.57'),
(100381, 'C101046', 48, '114.34'),
(100381, 'C101444', 25, '49.60'),
(100381, 'B100578', 35, '60.77'),
(100381, 'C101628', 41, '100.30'),
(100381, 'B100233', 40, '51.22'),
(100381, 'B100360', 35, '93.20'),
(100382, 'C102766', 34, '166.24'),
(100382, 'C102840', 37, '145.04'),
(100382, 'C102887', 34, '143.61'),
(100382, 'C102972', 32, '1003.10'),
(100382, 'C103191', 25, '160.46'),
(100382, 'C103371', 50, '84.33'),
(100382, 'C103432', 39, '115.03'),
(100382, 'C103856', 39, '46.29'),
(100382, 'C104048', 20, '120.12'),
(100382, 'C104620', 33, '97.39'),
(100382, 'B100374', 26, '85.72'),
(100382, 'B100226', 48, '57.53'),
(100382, 'B100446', 34, '1001.15'),
(100383, 'B100413', 27, '119.05'),
(100383, 'C102824', 24, '125.66'),
(100383, 'B100167', 47, '155.79'),
(100383, 'C109491', 26, '83.70'),
(100383, 'B100216', 38, '137.88'),
(100383, 'B100498', 28, '77.24'),
(100383, 'C104757', 22, '52.60'),
(100383, 'C104962', 40, '33.24'),
(100383, 'C101099', 21, '117.10'),
(100383, 'C101108', 32, '53.57'),
(100383, 'B100823', 44, '55.93'),
(100383, 'C103148', 29, '94.92'),
(100383, 'C103380', 38, '48.62'),
(100384, 'C103891', 34, '129.20'),
(100384, 'C103990', 28, '114.29'),
(100384, 'C104675', 43, '71.69'),
(100384, 'C101129', 49, '71.02'),
(100385, 'C101589', 37, '78.83'),
(100385, 'C101889', 25, '62.00'),
(100386, 'C101984', 25, '130.88'),
(100386, 'C102238', 21, '72.65'),
(100386, 'B100625', 37, '73.12'),
(100386, 'C102870', 22, '100.58'),
(100386, 'C103232', 33, '1001.76'),
(100386, 'C103233', 39, '56.86'),
(100386, 'C103278', 35, '54.57'),
(100386, 'C103482', 41, '55.96'),
(100386, 'C103685', 50, '71.73'),
(100386, 'B100372', 29, '85.09'),
(100386, 'C104027', 37, '90.75'),
(100386, 'C104721', 37, '67.22'),
(100386, 'C104933', 32, '68.00'),
(100386, 'C101046', 45, '83.14'),
(100386, 'C101444', 30, '80.44'),
(100386, 'B100578', 44, '59.22'),
(100386, 'C101628', 50, '47.67'),
(100386, 'B100233', 43, '52.42'),
(100387, 'B100360', 44, '79.91'),
(100388, 'C102766', 42, '80.39'),
(100388, 'C102840', 50, '118.94'),
(100388, 'C102887', 21, '156.86'),
(100388, 'C102972', 44, '125.01'),
(100388, 'C103191', 35, '58.47'),
(100388, 'C103371', 27, '41.02'),
(100388, 'C103432', 46, '74.90'),
(100388, 'C103856', 50, '111.53'),
(100389, 'C104048', 26, '182.90'),
(100389, 'C104620', 25, '95.13'),
(100389, 'B100374', 36, '76.61'),
(100389, 'B100226', 47, '1002.49'),
(100389, 'B100446', 49, '63.91'),
(100389, 'B100413', 39, '52.09'),
(100389, 'C102824', 45, '112.70'),
(100389, 'B100167', 49, '61.70'),
(100390, 'C109491', 36, '117.48'),
(100390, 'B100216', 34, '132.29'),
(100390, 'B100498', 31, '1002.98'),
(100390, 'C104757', 26, '162.00'),
(100390, 'C104962', 40, '75.59'),
(100390, 'C101099', 50, '135.23'),
(100390, 'C101108', 36, '54.09'),
(100390, 'B100823', 49, '122.02'),
(100390, 'C103148', 35, '67.87'),
(100390, 'C103380', 37, '35.87'),
(100390, 'C103891', 46, '51.43'),
(100390, 'C103990', 45, '134.81'),
(100390, 'C104675', 30, '66.29'),
(100390, 'C101129', 41, '39.02'),
(100390, 'C101589', 45, '1001.03'),
(100390, 'C101889', 22, '81.36'),
(100391, 'C101984', 24, '195.01'),
(100391, 'C102238', 37, '121.15'),
(100391, 'B100625', 39, '110.70'),
(100391, 'C102870', 29, '114.34'),
(100391, 'C103232', 35, '1002.74'),
(100391, 'C103233', 42, '47.44'),
(100391, 'C103278', 44, '57.73'),
(100391, 'C103482', 32, '99.28'),
(100391, 'C103685', 33, '26.55'),
(100391, 'B100372', 24, '36.29'),
(100392, 'C104027', 37, '61.21'),
(100392, 'C104721', 29, '1003.67'),
(100392, 'C104933', 36, '98.22'),
(100393, 'C101046', 35, '145.04'),
(100393, 'C101444', 32, '99.54'),
(100393, 'B100578', 20, '137.53'),
(100393, 'C101628', 38, '1004.32'),
(100393, 'B100233', 30, '106.55'),
(100393, 'B100360', 44, '41.76'),
(100393, 'C102766', 33, '112.46'),
(100393, 'C102840', 33, '88.62'),
(100393, 'C102887', 38, '84.75'),
(100393, 'C102972', 31, '63.35'),
(100393, 'C103191', 21, '83.95'),
(100394, 'C103371', 22, '135.47'),
(100394, 'C103432', 37, '124.95'),
(100394, 'C103856', 31, '53.18'),
(100394, 'C104048', 46, '35.36'),
(100394, 'C104620', 37, '1004.09'),
(100394, 'B100374', 36, '47.08'),
(100394, 'B100226', 30, '55.93'),
(100395, 'B100446', 32, '125.12'),
(100395, 'B100413', 33, '205.72'),
(100395, 'C102824', 46, '98.39'),
(100395, 'B100167', 45, '57.99'),
(100396, 'C109491', 33, '155.72'),
(100396, 'B100216', 33, '129.76'),
(100396, 'B100498', 24, '91.76'),
(100396, 'C104757', 45, '83.38'),
(100396, 'C104962', 49, '100.77'),
(100396, 'C101099', 27, '77.00'),
(100396, 'C101108', 37, '77.99'),
(100396, 'B100823', 39, '62.00'),
(100397, 'C103148', 32, '69.29'),
(100397, 'C103380', 22, '62.88'),
(100397, 'C103891', 48, '86.15'),
(100397, 'C103990', 36, '80.44'),
(100397, 'C104675', 34, '52.96'),
(100398, 'C101129', 33, '130.88'),
(100398, 'C101589', 34, '82.79'),
(100398, 'C101889', 28, '70.54'),
(100398, 'C101984', 45, '92.11'),
(100398, 'C102238', 43, '100.67'),
(100398, 'B100625', 28, '60.29'),
(100398, 'C102870', 34, '61.15'),
(100398, 'C103232', 41, '56.64'),
(100398, 'C103233', 45, '65.93'),
(100398, 'C103278', 22, '60.54'),
(100398, 'C103482', 49, '38.84'),
(100398, 'C103685', 47, '78.55'),
(100398, 'B100372', 36, '75.13'),
(100398, 'C104027', 22, '98.72'),
(100398, 'C104721', 23, '1002.04'),
(100398, 'C104933', 29, '76.80'),
(100398, 'C101046', 36, '62.19'),
(100398, 'C101444', 34, '41.22'),
(100399, 'B100578', 40, '77.52'),
(100399, 'C101628', 51, '99.91'),
(100399, 'B100233', 22, '156.86'),
(100399, 'B100360', 29, '123.51'),
(100399, 'C102766', 30, '51.48'),
(100399, 'C102840', 57, '1004.81'),
(100399, 'C102887', 58, '75.41'),
(100399, 'C102972', 32, '97.89'),
(100400, 'C103191', 64, '134.64'),
(100400, 'C103371', 34, '129.31'),
(100400, 'C103432', 30, '74.84'),
(100400, 'C103856', 58, '88.93'),
(100400, 'C104048', 24, '55.49'),
(100400, 'C104620', 38, '59.18'),
(100400, 'B100374', 42, '74.64'),
(100400, 'B100226', 46, '82.37'),
(100400, 'B100446', 20, '41.71'),
(100401, 'B100413', 42, '75.19'),
(100401, 'C102824', 38, '87.54'),
(100401, 'B100167', 64, '59.37'),
(100401, 'C109491', 52, '65.93'),
(100401, 'B100216', 49, '81.91'),
(100401, 'B100498', 62, '62.60'),
(100401, 'C104757', 56, '41.46'),
(100401, 'C104962', 11, '77.64'),
(100401, 'C101099', 85, '98.72'),
(100401, 'C101108', 21, '96.11'),
(100401, 'B100823', 77, '73.60'),
(100401, 'C103148', 40, '66.63'),
(100402, 'C103380', 45, '118.94'),
(100402, 'C103891', 55, '58.15'),
(100402, 'C103990', 59, '61.70'),
(100403, 'C104675', 24, '85.17'),
(100403, 'C101129', 66, '174.29'),
(100403, 'C101589', 66, '122.00'),
(100403, 'C101889', 36, '55.33'),
(100403, 'C101984', 46, '109.32'),
(100403, 'C102238', 27, '57.49'),
(100403, 'B100625', 30, '35.80'),
(100403, 'C102870', 45, '88.78'),
(100403, 'C103232', 31, '65.09'),
(100404, 'C103233', 64, '163.44'),
(100404, 'C103278', 43, '1002.17'),
(100404, 'C103482', 77, '67.03'),
(100404, 'C103685', 90, '67.54'),
(100404, 'B100372', 28, '127.88'),
(100404, 'C104027', 48, '124.99'),
(100404, 'C104721', 49, '53.27'),
(100404, 'C104933', 48, '65.48'),
(100405, 'C101046', 97, '115.16'),
(100405, 'C101444', 61, '72.38'),
(100405, 'B100578', 55, '147.33'),
(100405, 'C101628', 47, '37.38'),
(100405, 'B100233', 76, '127.79'),
(100406, 'B100360', 61, '124.56'),
(100406, 'C102766', 48, '133.72'),
(100406, 'C102840', 65, '117.26'),
(100407, 'C102887', 59, '114.48'),
(100407, 'C102972', 76, '141.10'),
(100407, 'C103191', 42, '58.12'),
(100407, 'C103371', 41, '132.00'),
(100407, 'C103432', 6, '91.11'),
(100407, 'C103856', 66, '64.14'),
(100407, 'C104048', 26, '68.35'),
(100407, 'C104620', 64, '45.78'),
(100407, 'B100374', 76, '81.78'),
(100407, 'B100226', 59, '98.65'),
(100407, 'B100446', 13, '77.05'),
(100407, 'B100413', 43, '1001.73'),
(100408, 'C102824', 15, '41.03'),
(100409, 'B100167', 6, '1004.25'),
(100409, 'C109491', 61, '27.88'),
(100410, 'B100216', 65, '99.66'),
(100410, 'B100498', 44, '51.21'),
(100410, 'C104757', 56, '145.13'),
(100410, 'C104962', 47, '93.21'),
(100410, 'C101099', 53, '49.97'),
(100410, 'C101108', 34, '84.82'),
(100410, 'B100823', 44, '81.35'),
(100410, 'C103148', 31, '42.56'),
(100410, 'C103380', 50, '95.44'),
(100411, 'C103891', 23, '205.73'),
(100411, 'C103990', 27, '144.79'),
(100411, 'C104675', 40, '110.70'),
(100411, 'C101129', 27, '109.67'),
(100411, 'C101589', 46, '106.55'),
(100411, 'C101889', 35, '41.25'),
(100411, 'C101984', 26, '78.01'),
(100411, 'C102238', 27, '60.76'),
(100411, 'B100625', 34, '89.01'),
(100412, 'C102870', 54, '100.73'),
(100412, 'C103232', 41, '150.63'),
(100412, 'C103233', 56, '120.28'),
(100412, 'C103278', 47, '49.83'),
(100412, 'C103482', 60, '157.49'),
(100412, 'C103685', 21, '47.40'),
(100412, 'B100372', 70, '109.90'),
(100412, 'C104027', 30, '32.88'),
(100412, 'C104721', 31, '108.82'),
(100412, 'C104933', 19, '50.86'),
(100412, 'C101046', 26, '105.33'),
(100413, 'C101444', 36, '201.57'),
(100413, 'B100578', 47, '145.04'),
(100413, 'C101628', 22, '173.02'),
(100413, 'B100233', 49, '133.57'),
(100413, 'B100360', 24, '56.55'),
(100413, 'C102766', 51, '53.31'),
(100414, 'C102840', 49, '114.24'),
(100414, 'C102887', 44, '77.42'),
(100414, 'C102972', 41, '128.39'),
(100414, 'C103191', 48, '85.71'),
(100414, 'C103371', 56, '83.38'),
(100414, 'C103432', 43, '108.14'),
(100414, 'C103856', 60, '72.58'),
(100414, 'C104048', 51, '72.96'),
(100414, 'C104620', 37, '62.00'),
(100414, 'B100374', 34, '74.48'),
(100414, 'B100226', 31, '61.44'),
(100414, 'B100446', 28, '84.14'),
(100414, 'B100413', 40, '84.41'),
(100414, 'C102824', 47, '54.60'),
(100415, 'B100167', 51, '86.81'),
(100415, 'C109491', 21, '60.97'),
(100415, 'B100216', 18, '59.83'),
(100415, 'B100498', 32, '73.32'),
(100415, 'C104757', 42, '43.20'),
(100416, 'C104962', 24, '129.31'),
(100416, 'C101099', 15, '70.96'),
(100416, 'C101108', 47, '90.82'),
(100416, 'B100823', 32, '62.46'),
(100416, 'C103148', 18, '64.83'),
(100416, 'C103380', 48, '70.28'),
(100416, 'C103891', 45, '86.90'),
(100416, 'C103990', 26, '68.10'),
(100416, 'C104675', 37, '39.71'),
(100416, 'C101129', 23, '88.60'),
(100416, 'C101589', 22, '84.76'),
(100416, 'C101889', 41, '98.48'),
(100416, 'C101984', 39, '65.60'),
(100416, 'C102238', 43, '63.67'),
(100417, 'B100625', 66, '79.43'),
(100417, 'C102870', 45, '116.56'),
(100417, 'C103232', 56, '162.67'),
(100417, 'C103233', 21, '144.60'),
(100417, 'C103278', 36, '58.75'),
(100417, 'C103482', 35, '109.32'),
(100418, 'C103685', 16, '70.76'),
(100418, 'B100372', 27, '139.64'),
(100418, 'C104027', 33, '56.57'),
(100418, 'C104721', 28, '120.53'),
(100418, 'C104933', 52, '64.41'),
(100418, 'C101046', 10, '66.29'),
(100418, 'C101444', 43, '36.61'),
(100418, 'B100578', 50, '100.01'),
(100418, 'C101628', 40, '72.41'),
(100419, 'B100233', 12, '182.90'),
(100419, 'B100360', 10, '111.57'),
(100419, 'C102766', 34, '64.64'),
(100419, 'C102840', 32, '99.04'),
(100419, 'C102887', 38, '117.48'),
(100419, 'C102972', 37, '100.80'),
(100419, 'C103191', 39, '67.76'),
(100419, 'C103371', 34, '133.72'),
(100419, 'C103432', 55, '116.16'),
(100419, 'C103856', 35, '165.95'),
(100419, 'C104048', 43, '114.44'),
(100419, 'C104620', 15, '32.10'),
(100419, 'B100374', 55, '52.66'),
(100419, 'B100226', 70, '112.34'),
(100420, 'B100446', 37, '153.00'),
(100420, 'B100413', 36, '52.06'),
(100420, 'C102824', 45, '116.96'),
(100420, 'B100167', 66, '73.62'),
(100420, 'C109491', 36, '68.42'),
(100420, 'B100216', 60, '60.26'),
(100420, 'B100498', 37, '48.80'),
(100420, 'C104757', 45, '32.19'),
(100420, 'C104962', 39, '76.33'),
(100420, 'C101099', 55, '115.09'),
(100420, 'C101108', 35, '77.05'),
(100420, 'B100823', 26, '1004.94'),
(100420, 'C103148', 15, '35.29'),
(100421, 'C103380', 35, '167.06'),
(100421, 'C103891', 40, '44.80'),
(100422, 'C103990', 51, '91.44'),
(100422, 'C104675', 25, '47.44'),
(100423, 'C101129', 10, '89.15'),
(100423, 'C101589', 31, '56.21'),
(100423, 'C101889', 21, '98.44'),
(100423, 'C101984', 21, '80.36'),
(100423, 'C102238', 28, '78.89'),
(100424, 'B100625', 50, '201.44'),
(100424, 'C102870', 49, '121.64'),
(100424, 'C103232', 54, '108.50'),
(100424, 'C103233', 26, '40.25'),
(100424, 'C103278', 44, '54.94'),
(100424, 'C103482', 46, '85.98'),
(100425, 'C103685', 38, '131.49'),
(100425, 'B100372', 33, '95.99'),
(100425, 'C104027', 28, '147.36'),
(100425, 'C104721', 38, '117.82'),
(100425, 'C104933', 19, '48.62'),
(100425, 'C101046', 28, '140.55'),
(100425, 'C101444', 38, '107.76'),
(100425, 'B100578', 55, '53.75'),
(100425, 'C101628', 49, '127.79'),
(100425, 'B100233', 31, '31.82'),
(100425, 'B100360', 41, '83.79'),
(100425, 'C102766', 11, '50.32'),
(100425, 'C102840', 18, '94.92');